#
# There is insufficient memory for the Java Runtime Environment to continue.
# Native memory allocation (malloc) failed to allocate 1224816 bytes. Error detail: Chunk::new
# Possible reasons:
#   The system is out of physical RAM or swap space
#   This process is running with CompressedOops enabled, and the Java Heap may be blocking the growth of the native heap
# Possible solutions:
#   Reduce memory load on the system
#   Increase physical memory or swap space
#   Check if swap backing store is full
#   Decrease Java heap size (-Xmx/-Xms)
#   Decrease number of Java threads
#   Decrease Java thread stack sizes (-Xss)
#   Set larger code cache with -XX:ReservedCodeCacheSize=
#   JVM is running with Unscaled Compressed Oops mode in which the Java heap is
#     placed in the first 4GB address space. The Java Heap base address is the
#     maximum limit for the native heap growth. Please use -XX:HeapBaseMinAddress
#     to set the Java Heap base and to place the Java Heap above 4GB virtual address.
# This output file may be truncated or incomplete.
#
#  Out of Memory Error (arena.cpp:168), pid=2360, tid=4212
#
# JRE version: OpenJDK Runtime Environment (21.0.5) (build 21.0.5+-13047016-b750.29)
# Java VM: OpenJDK 64-Bit Server VM (21.0.5+-13047016-b750.29, mixed mode, tiered, compressed oops, compressed class ptrs, g1 gc, windows-amd64)
# No core dump will be written. Minidumps are not enabled by default on client versions of Windows
#

---------------  S U M M A R Y ------------

Command Line: --add-opens=java.base/java.lang=ALL-UNNAMED --add-opens=java.base/java.lang.invoke=ALL-UNNAMED --add-opens=java.base/java.util=ALL-UNNAMED --add-opens=java.prefs/java.util.prefs=ALL-UNNAMED --add-exports=jdk.compiler/com.sun.tools.javac.api=ALL-UNNAMED --add-exports=jdk.compiler/com.sun.tools.javac.util=ALL-UNNAMED --add-opens=java.base/java.util=ALL-UNNAMED --add-opens=java.prefs/java.util.prefs=ALL-UNNAMED --add-opens=java.base/java.nio.charset=ALL-UNNAMED --add-opens=java.base/java.net=ALL-UNNAMED --add-opens=java.base/java.util.concurrent.atomic=ALL-UNNAMED --add-opens=java.xml/javax.xml.namespace=ALL-UNNAMED -Xmx2048m -Dfile.encoding=UTF-8 -Duser.country=RU -Duser.language=ru -Duser.variant -javaagent:C:\Users\maftuna\.gradle\wrapper\dists\gradle-8.11.1-bin\bpt9gzteqjrbo1mjrsomdt32c\gradle-8.11.1\lib\agents\gradle-instrumentation-agent-8.11.1.jar org.gradle.launcher.daemon.bootstrap.GradleDaemon 8.11.1

Host: 12th Gen Intel(R) Core(TM) i5-12450H, 12 cores, 7G,  Windows 10 , 64 bit Build 19041 (10.0.19041.2364)
Time: Thu Apr 17 16:08:46 2025 RTZ 2 (s 10 , 64 bit Build 19041 (10.0.19041.2364) elapsed time: 12.358803 seconds (0d 0h 0m 12s)

---------------  T H R E A D  ---------------

Current thread (0x000001be658463c0):  JavaThread "C2 CompilerThread0" daemon [_thread_in_native, id=4212, stack(0x000000736f800000,0x000000736f900000) (1024K)]


Current CompileTask:
C2:12358 10692       4       org.gradle.cache.internal.btree.CachingBlockStore::read (56 bytes)

Stack: [0x000000736f800000,0x000000736f900000]
Native frames: (J=compiled Java code, j=interpreted, Vv=VM code, C=native code)
V  [jvm.dll+0x6cfb29]
V  [jvm.dll+0x85df93]
V  [jvm.dll+0x8604ee]
V  [jvm.dll+0x860bd3]
V  [jvm.dll+0x27e6b6]
V  [jvm.dll+0xbff6d]
V  [jvm.dll+0xc04a3]
V  [jvm.dll+0x3b5fc1]
V  [jvm.dll+0x381f97]
V  [jvm.dll+0x38140a]
V  [jvm.dll+0x247c62]
V  [jvm.dll+0x247231]
V  [jvm.dll+0x1c5ee4]
V  [jvm.dll+0x25697c]
V  [jvm.dll+0x254ec6]
V  [jvm.dll+0x3f0ce6]
V  [jvm.dll+0x806368]
V  [jvm.dll+0x6ce3fd]
C  [ucrtbase.dll+0x21bb2]
C  [KERNEL32.DLL+0x17614]
C  [ntdll.dll+0x526a1]


---------------  P R O C E S S  ---------------

Threads class SMR info:
_java_thread_list=0x000001be6a047e70, length=114, elements={
0x000001be4b9206b0, 0x000001be658147a0, 0x000001be6585d960, 0x000001be65842810,
0x000001be65843260, 0x000001be65843cb0, 0x000001be65844ea0, 0x000001be658463c0,
0x000001be65860980, 0x000001be659c0be0, 0x000001be65b69100, 0x000001be6ba2ff10,
0x000001be6ba96f50, 0x000001be6bac8920, 0x000001be6b90ea40, 0x000001be6b8f95b0,
0x000001be6bb3bfb0, 0x000001be6bb49260, 0x000001be6bb57850, 0x000001be6bc39d30,
0x000001be6bb6e4a0, 0x000001be6bb6f850, 0x000001be6bb6fee0, 0x000001be6bb6de10,
0x000001be6bb6f1c0, 0x000001be6bb6eb30, 0x000001be6bb70570, 0x000001be6bb6d0f0,
0x000001be6bb6d780, 0x000001be6c343a90, 0x000001be6c3426e0, 0x000001be6c33ebd0,
0x000001be6c342d70, 0x000001be6c3454d0, 0x000001be6c343400, 0x000001be6c344120,
0x000001be6c33ff80, 0x000001be6c3447b0, 0x000001be6c345b60, 0x000001be6c3419c0,
0x000001be6c340ca0, 0x000001be6c344e40, 0x000001be6c341330, 0x000001be6c3461f0,
0x000001be6e26de90, 0x000001be6e26e520, 0x000001be6e26d800, 0x000001be6e267c20,
0x000001be6e269660, 0x000001be6e26f240, 0x000001be6e26b0a0, 0x000001be6e26a380,
0x000001be6e26aa10, 0x000001be6e26b730, 0x000001be6e268940, 0x000001be6e26bdc0,
0x000001be6e268fd0, 0x000001be6e26cae0, 0x000001be6e269cf0, 0x000001be6e26d170,
0x000001be6e26c450, 0x000001be6a146a60, 0x000001be6a144990, 0x000001be6a14a570,
0x000001be6a149ee0, 0x000001be6a149850, 0x000001be6a145020, 0x000001be6a14ac00,
0x000001be6a144300, 0x000001be6a145d40, 0x000001be6a1463d0, 0x000001be6a1456b0,
0x000001be6a147e10, 0x000001be6a147780, 0x000001be6db73440, 0x000001be6db76f50,
0x000001be6db75ba0, 0x000001be6db71a00, 0x000001be6db72db0, 0x000001be6db768c0,
0x000001be6db75510, 0x000001be6db72090, 0x000001be6db73ad0, 0x000001be6db76230,
0x000001be6db74160, 0x000001be6db747f0, 0x000001be6db775e0, 0x000001be6db70ce0,
0x000001be6db78300, 0x000001be6db71370, 0x000001be6db72720, 0x000001be6f2712e0,
0x000001be6f271970, 0x000001be6f272000, 0x000001be6f2705c0, 0x000001be6f272690,
0x000001be6f272d20, 0x000001be6f270c50, 0x000001be6f274df0, 0x000001be70d79c30,
0x000001be70d7c390, 0x000001be70d78f10, 0x000001be70d795a0, 0x000001be70d7a2c0,
0x000001be70d7ca20, 0x000001be70d7a950, 0x000001be70d7d0b0, 0x000001be70d7d740,
0x000001be70d7f810, 0x000001be70d80530, 0x000001be70d7b670, 0x000001be70d7eaf0,
0x000001be70d7f180, 0x000001be6c342050
}

Java Threads: ( => current thread )
  0x000001be4b9206b0 JavaThread "main"                              [_thread_blocked, id=13196, stack(0x000000736ea00000,0x000000736eb00000) (1024K)]
  0x000001be658147a0 JavaThread "Reference Handler"          daemon [_thread_blocked, id=3600, stack(0x000000736f200000,0x000000736f300000) (1024K)]
  0x000001be6585d960 JavaThread "Finalizer"                  daemon [_thread_blocked, id=1308, stack(0x000000736f300000,0x000000736f400000) (1024K)]
  0x000001be65842810 JavaThread "Signal Dispatcher"          daemon [_thread_blocked, id=9588, stack(0x000000736f400000,0x000000736f500000) (1024K)]
  0x000001be65843260 JavaThread "Attach Listener"            daemon [_thread_blocked, id=12756, stack(0x000000736f500000,0x000000736f600000) (1024K)]
  0x000001be65843cb0 JavaThread "Service Thread"             daemon [_thread_blocked, id=2224, stack(0x000000736f600000,0x000000736f700000) (1024K)]
  0x000001be65844ea0 JavaThread "Monitor Deflation Thread"   daemon [_thread_blocked, id=6196, stack(0x000000736f700000,0x000000736f800000) (1024K)]
=>0x000001be658463c0 JavaThread "C2 CompilerThread0"         daemon [_thread_in_native, id=4212, stack(0x000000736f800000,0x000000736f900000) (1024K)]
  0x000001be65860980 JavaThread "C1 CompilerThread0"         daemon [_thread_blocked, id=12828, stack(0x000000736f900000,0x000000736fa00000) (1024K)]
  0x000001be659c0be0 JavaThread "Common-Cleaner"             daemon [_thread_blocked, id=7508, stack(0x000000736fa00000,0x000000736fb00000) (1024K)]
  0x000001be65b69100 JavaThread "Notification Thread"        daemon [_thread_blocked, id=12432, stack(0x000000736fb00000,0x000000736fc00000) (1024K)]
  0x000001be6ba2ff10 JavaThread "Daemon health stats"               [_thread_blocked, id=5184, stack(0x000000736fd00000,0x000000736fe00000) (1024K)]
  0x000001be6ba96f50 JavaThread "Incoming local TCP Connector on port 56708"        [_thread_in_native, id=8912, stack(0x0000007370200000,0x0000007370300000) (1024K)]
  0x000001be6bac8920 JavaThread "Daemon periodic checks"            [_thread_blocked, id=4764, stack(0x0000007370300000,0x0000007370400000) (1024K)]
  0x000001be6b90ea40 JavaThread "Daemon"                            [_thread_blocked, id=2116, stack(0x0000007370400000,0x0000007370500000) (1024K)]
  0x000001be6b8f95b0 JavaThread "Handler for socket connection from /127.0.0.1:56708 to /127.0.0.1:56709"        [_thread_in_native, id=1684, stack(0x0000007370500000,0x0000007370600000) (1024K)]
  0x000001be6bb3bfb0 JavaThread "Cancel handler"                    [_thread_blocked, id=172, stack(0x0000007370600000,0x0000007370700000) (1024K)]
  0x000001be6bb49260 JavaThread "Daemon worker"                     [_thread_in_Java, id=15092, stack(0x0000007370700000,0x0000007370800000) (1024K)]
  0x000001be6bb57850 JavaThread "Asynchronous log dispatcher for DefaultDaemonConnection: socket connection from /127.0.0.1:56708 to /127.0.0.1:56709"        [_thread_blocked, id=8300, stack(0x0000007370800000,0x0000007370900000) (1024K)]
  0x000001be6bc39d30 JavaThread "Stdin handler"                     [_thread_blocked, id=10416, stack(0x0000007370900000,0x0000007370a00000) (1024K)]
  0x000001be6bb6e4a0 JavaThread "Daemon client event forwarder"        [_thread_blocked, id=13688, stack(0x0000007370a00000,0x0000007370b00000) (1024K)]
  0x000001be6bb6f850 JavaThread "Cache worker for journal cache (C:\Users\maftuna\.gradle\caches\journal-1)"        [_thread_blocked, id=14620, stack(0x0000007371100000,0x0000007371200000) (1024K)]
  0x000001be6bb6fee0 JavaThread "File lock request listener"        [_thread_in_native, id=3200, stack(0x0000007371200000,0x0000007371300000) (1024K)]
  0x000001be6bb6de10 JavaThread "Cache worker for file hash cache (C:\Users\maftuna\.gradle\caches\8.11.1\fileHashes)"        [_thread_blocked, id=1496, stack(0x0000007371300000,0x0000007371400000) (1024K)]
  0x000001be6bb6f1c0 JavaThread "Cache worker for file content cache (C:\Users\maftuna\.gradle\caches\8.11.1\fileContent)"        [_thread_blocked, id=8216, stack(0x0000007371500000,0x0000007371600000) (1024K)]
  0x000001be6bb6eb30 JavaThread "Cache worker for file hash cache (C:\Users\maftuna\AndroidStudioProjects\Ovqatlanishratsioniu\.gradle\8.11.1\fileHashes)"        [_thread_blocked, id=772, stack(0x0000007371600000,0x0000007371700000) (1024K)]
  0x000001be6bb70570 JavaThread "Cache worker for Build Output Cleanup Cache (C:\Users\maftuna\AndroidStudioProjects\Ovqatlanishratsioniu\.gradle\buildOutputCleanup)"        [_thread_blocked, id=14720, stack(0x0000007371700000,0x0000007371800000) (1024K)]
  0x000001be6bb6d0f0 JavaThread "File watcher server"        daemon [_thread_in_native, id=11388, stack(0x0000007371800000,0x0000007371900000) (1024K)]
  0x000001be6bb6d780 JavaThread "File watcher consumer"      daemon [_thread_blocked, id=4248, stack(0x0000007371900000,0x0000007371a00000) (1024K)]
  0x000001be6c343a90 JavaThread "jar transforms"                    [_thread_blocked, id=13084, stack(0x0000007371a00000,0x0000007371b00000) (1024K)]
  0x000001be6c3426e0 JavaThread "jar transforms Thread 2"           [_thread_blocked, id=5640, stack(0x0000007371b00000,0x0000007371c00000) (1024K)]
  0x000001be6c33ebd0 JavaThread "jar transforms Thread 3"           [_thread_blocked, id=9032, stack(0x0000007371c00000,0x0000007371d00000) (1024K)]
  0x000001be6c342d70 JavaThread "jar transforms Thread 4"           [_thread_blocked, id=7316, stack(0x0000007371d00000,0x0000007371e00000) (1024K)]
  0x000001be6c3454d0 JavaThread "jar transforms Thread 5"           [_thread_blocked, id=2736, stack(0x0000007371e00000,0x0000007371f00000) (1024K)]
  0x000001be6c343400 JavaThread "jar transforms Thread 6"           [_thread_blocked, id=12328, stack(0x0000007371f00000,0x0000007372000000) (1024K)]
  0x000001be6c344120 JavaThread "jar transforms Thread 7"           [_thread_blocked, id=14804, stack(0x0000007372000000,0x0000007372100000) (1024K)]
  0x000001be6c33ff80 JavaThread "jar transforms Thread 8"           [_thread_blocked, id=14188, stack(0x0000007372100000,0x0000007372200000) (1024K)]
  0x000001be6c3447b0 JavaThread "jar transforms Thread 9"           [_thread_blocked, id=13952, stack(0x0000007372200000,0x0000007372300000) (1024K)]
  0x000001be6c345b60 JavaThread "jar transforms Thread 10"          [_thread_blocked, id=4688, stack(0x0000007372300000,0x0000007372400000) (1024K)]
  0x000001be6c3419c0 JavaThread "jar transforms Thread 11"          [_thread_blocked, id=11976, stack(0x0000007372400000,0x0000007372500000) (1024K)]
  0x000001be6c340ca0 JavaThread "jar transforms Thread 12"          [_thread_blocked, id=12112, stack(0x0000007372500000,0x0000007372600000) (1024K)]
  0x000001be6c344e40 JavaThread "Cache worker for checksums cache (C:\Users\maftuna\AndroidStudioProjects\Ovqatlanishratsioniu\.gradle\8.11.1\checksums)"        [_thread_blocked, id=9512, stack(0x0000007372600000,0x0000007372700000) (1024K)]
  0x000001be6c341330 JavaThread "Cache worker for cache directory md-rule (C:\Users\maftuna\.gradle\caches\8.11.1\md-rule)"        [_thread_blocked, id=10512, stack(0x0000007372700000,0x0000007372800000) (1024K)]
  0x000001be6c3461f0 JavaThread "Cache worker for cache directory md-supplier (C:\Users\maftuna\.gradle\caches\8.11.1\md-supplier)"        [_thread_blocked, id=9344, stack(0x0000007372800000,0x0000007372900000) (1024K)]
  0x000001be6e26de90 JavaThread "Unconstrained build operations"        [_thread_blocked, id=6028, stack(0x0000007372900000,0x0000007372a00000) (1024K)]
  0x000001be6e26e520 JavaThread "Unconstrained build operations Thread 2"        [_thread_blocked, id=5988, stack(0x0000007372a00000,0x0000007372b00000) (1024K)]
  0x000001be6e26d800 JavaThread "Unconstrained build operations Thread 3"        [_thread_blocked, id=1588, stack(0x0000007372b00000,0x0000007372c00000) (1024K)]
  0x000001be6e267c20 JavaThread "Unconstrained build operations Thread 4"        [_thread_blocked, id=400, stack(0x0000007372c00000,0x0000007372d00000) (1024K)]
  0x000001be6e269660 JavaThread "Unconstrained build operations Thread 5"        [_thread_blocked, id=14148, stack(0x0000007372d00000,0x0000007372e00000) (1024K)]
  0x000001be6e26f240 JavaThread "Unconstrained build operations Thread 6"        [_thread_blocked, id=9324, stack(0x0000007372e00000,0x0000007372f00000) (1024K)]
  0x000001be6e26b0a0 JavaThread "Unconstrained build operations Thread 7"        [_thread_blocked, id=9940, stack(0x0000007372f00000,0x0000007373000000) (1024K)]
  0x000001be6e26a380 JavaThread "Unconstrained build operations Thread 8"        [_thread_blocked, id=14356, stack(0x0000007373000000,0x0000007373100000) (1024K)]
  0x000001be6e26aa10 JavaThread "Unconstrained build operations Thread 9"        [_thread_blocked, id=7248, stack(0x0000007373100000,0x0000007373200000) (1024K)]
  0x000001be6e26b730 JavaThread "Unconstrained build operations Thread 10"        [_thread_blocked, id=14928, stack(0x0000007373200000,0x0000007373300000) (1024K)]
  0x000001be6e268940 JavaThread "Unconstrained build operations Thread 11"        [_thread_blocked, id=10420, stack(0x0000007373300000,0x0000007373400000) (1024K)]
  0x000001be6e26bdc0 JavaThread "Unconstrained build operations Thread 12"        [_thread_blocked, id=8784, stack(0x0000007373400000,0x0000007373500000) (1024K)]
  0x000001be6e268fd0 JavaThread "Unconstrained build operations Thread 13"        [_thread_blocked, id=11616, stack(0x0000007373500000,0x0000007373600000) (1024K)]
  0x000001be6e26cae0 JavaThread "Unconstrained build operations Thread 14"        [_thread_blocked, id=296, stack(0x0000007373600000,0x0000007373700000) (1024K)]
  0x000001be6e269cf0 JavaThread "Unconstrained build operations Thread 15"        [_thread_blocked, id=14108, stack(0x0000007373700000,0x0000007373800000) (1024K)]
  0x000001be6e26d170 JavaThread "Unconstrained build operations Thread 16"        [_thread_blocked, id=13800, stack(0x0000007373800000,0x0000007373900000) (1024K)]
  0x000001be6e26c450 JavaThread "Unconstrained build operations Thread 17"        [_thread_blocked, id=12072, stack(0x0000007373900000,0x0000007373a00000) (1024K)]
  0x000001be6a146a60 JavaThread "Unconstrained build operations Thread 18"        [_thread_blocked, id=12348, stack(0x0000007373a00000,0x0000007373b00000) (1024K)]
  0x000001be6a144990 JavaThread "Unconstrained build operations Thread 19"        [_thread_blocked, id=5520, stack(0x0000007373b00000,0x0000007373c00000) (1024K)]
  0x000001be6a14a570 JavaThread "Unconstrained build operations Thread 20"        [_thread_blocked, id=7564, stack(0x0000007373c00000,0x0000007373d00000) (1024K)]
  0x000001be6a149ee0 JavaThread "Unconstrained build operations Thread 21"        [_thread_blocked, id=10840, stack(0x0000007373d00000,0x0000007373e00000) (1024K)]
  0x000001be6a149850 JavaThread "Unconstrained build operations Thread 22"        [_thread_blocked, id=8416, stack(0x0000007373e00000,0x0000007373f00000) (1024K)]
  0x000001be6a145020 JavaThread "Unconstrained build operations Thread 23"        [_thread_blocked, id=8072, stack(0x0000007373f00000,0x0000007374000000) (1024K)]
  0x000001be6a14ac00 JavaThread "Unconstrained build operations Thread 24"        [_thread_blocked, id=2640, stack(0x0000007374000000,0x0000007374100000) (1024K)]
  0x000001be6a144300 JavaThread "Unconstrained build operations Thread 25"        [_thread_blocked, id=12684, stack(0x0000007374100000,0x0000007374200000) (1024K)]
  0x000001be6a145d40 JavaThread "Unconstrained build operations Thread 26"        [_thread_blocked, id=11304, stack(0x0000007374200000,0x0000007374300000) (1024K)]
  0x000001be6a1463d0 JavaThread "Unconstrained build operations Thread 27"        [_thread_blocked, id=14004, stack(0x0000007374300000,0x0000007374400000) (1024K)]
  0x000001be6a1456b0 JavaThread "Unconstrained build operations Thread 28"        [_thread_blocked, id=1064, stack(0x0000007374400000,0x0000007374500000) (1024K)]
  0x000001be6a147e10 JavaThread "Unconstrained build operations Thread 29"        [_thread_blocked, id=2064, stack(0x0000007374500000,0x0000007374600000) (1024K)]
  0x000001be6a147780 JavaThread "Unconstrained build operations Thread 30"        [_thread_blocked, id=2660, stack(0x0000007374600000,0x0000007374700000) (1024K)]
  0x000001be6db73440 JavaThread "Unconstrained build operations Thread 31"        [_thread_blocked, id=7932, stack(0x0000007374700000,0x0000007374800000) (1024K)]
  0x000001be6db76f50 JavaThread "Unconstrained build operations Thread 32"        [_thread_blocked, id=14344, stack(0x0000007374800000,0x0000007374900000) (1024K)]
  0x000001be6db75ba0 JavaThread "Unconstrained build operations Thread 33"        [_thread_blocked, id=7724, stack(0x0000007374900000,0x0000007374a00000) (1024K)]
  0x000001be6db71a00 JavaThread "Unconstrained build operations Thread 34"        [_thread_blocked, id=9484, stack(0x0000007374a00000,0x0000007374b00000) (1024K)]
  0x000001be6db72db0 JavaThread "Unconstrained build operations Thread 35"        [_thread_blocked, id=8384, stack(0x0000007374b00000,0x0000007374c00000) (1024K)]
  0x000001be6db768c0 JavaThread "Unconstrained build operations Thread 36"        [_thread_blocked, id=12888, stack(0x0000007374c00000,0x0000007374d00000) (1024K)]
  0x000001be6db75510 JavaThread "Unconstrained build operations Thread 37"        [_thread_blocked, id=7816, stack(0x0000007374d00000,0x0000007374e00000) (1024K)]
  0x000001be6db72090 JavaThread "Unconstrained build operations Thread 38"        [_thread_blocked, id=11788, stack(0x0000007374e00000,0x0000007374f00000) (1024K)]
  0x000001be6db73ad0 JavaThread "Unconstrained build operations Thread 39"        [_thread_blocked, id=5400, stack(0x0000007374f00000,0x0000007375000000) (1024K)]
  0x000001be6db76230 JavaThread "Unconstrained build operations Thread 40"        [_thread_blocked, id=3524, stack(0x0000007375000000,0x0000007375100000) (1024K)]
  0x000001be6db74160 JavaThread "Unconstrained build operations Thread 41"        [_thread_blocked, id=1904, stack(0x0000007375100000,0x0000007375200000) (1024K)]
  0x000001be6db747f0 JavaThread "Unconstrained build operations Thread 42"        [_thread_blocked, id=11000, stack(0x0000007375200000,0x0000007375300000) (1024K)]
  0x000001be6db775e0 JavaThread "Unconstrained build operations Thread 43"        [_thread_blocked, id=792, stack(0x0000007375300000,0x0000007375400000) (1024K)]
  0x000001be6db70ce0 JavaThread "Unconstrained build operations Thread 44"        [_thread_blocked, id=13412, stack(0x0000007375400000,0x0000007375500000) (1024K)]
  0x000001be6db78300 JavaThread "Unconstrained build operations Thread 45"        [_thread_blocked, id=14128, stack(0x0000007375500000,0x0000007375600000) (1024K)]
  0x000001be6db71370 JavaThread "Unconstrained build operations Thread 46"        [_thread_blocked, id=3696, stack(0x0000007375600000,0x0000007375700000) (1024K)]
  0x000001be6db72720 JavaThread "Unconstrained build operations Thread 47"        [_thread_blocked, id=13372, stack(0x0000007375700000,0x0000007375800000) (1024K)]
  0x000001be6f2712e0 JavaThread "Unconstrained build operations Thread 48"        [_thread_blocked, id=12668, stack(0x0000007375800000,0x0000007375900000) (1024K)]
  0x000001be6f271970 JavaThread "Unconstrained build operations Thread 49"        [_thread_blocked, id=12572, stack(0x0000007375900000,0x0000007375a00000) (1024K)]
  0x000001be6f272000 JavaThread "Unconstrained build operations Thread 50"        [_thread_blocked, id=2392, stack(0x0000007375a00000,0x0000007375b00000) (1024K)]
  0x000001be6f2705c0 JavaThread "Unconstrained build operations Thread 51"        [_thread_blocked, id=1664, stack(0x0000007375b00000,0x0000007375c00000) (1024K)]
  0x000001be6f272690 JavaThread "Unconstrained build operations Thread 52"        [_thread_blocked, id=5004, stack(0x0000007375c00000,0x0000007375d00000) (1024K)]
  0x000001be6f272d20 JavaThread "Unconstrained build operations Thread 53"        [_thread_blocked, id=2796, stack(0x0000007375d00000,0x0000007375e00000) (1024K)]
  0x000001be6f270c50 JavaThread "Unconstrained build operations Thread 54"        [_thread_blocked, id=1724, stack(0x0000007375e00000,0x0000007375f00000) (1024K)]
  0x000001be6f274df0 JavaThread "Memory manager"                    [_thread_blocked, id=12192, stack(0x0000007375f00000,0x0000007376000000) (1024K)]
  0x000001be70d79c30 JavaThread "included builds"                   [_thread_blocked, id=7496, stack(0x0000007371400000,0x0000007371500000) (1024K)]
  0x000001be70d7c390 JavaThread "Execution worker"                  [_thread_blocked, id=2152, stack(0x0000007376000000,0x0000007376100000) (1024K)]
  0x000001be70d78f10 JavaThread "Execution worker Thread 2"         [_thread_blocked, id=6072, stack(0x0000007376100000,0x0000007376200000) (1024K)]
  0x000001be70d795a0 JavaThread "Execution worker Thread 3"         [_thread_blocked, id=15292, stack(0x0000007376200000,0x0000007376300000) (1024K)]
  0x000001be70d7a2c0 JavaThread "Execution worker Thread 4"         [_thread_blocked, id=2016, stack(0x0000007376300000,0x0000007376400000) (1024K)]
  0x000001be70d7ca20 JavaThread "Execution worker Thread 5"         [_thread_blocked, id=8636, stack(0x0000007376400000,0x0000007376500000) (1024K)]
  0x000001be70d7a950 JavaThread "Execution worker Thread 6"         [_thread_blocked, id=9072, stack(0x0000007376500000,0x0000007376600000) (1024K)]
  0x000001be70d7d0b0 JavaThread "Execution worker Thread 7"         [_thread_blocked, id=9924, stack(0x0000007376600000,0x0000007376700000) (1024K)]
  0x000001be70d7d740 JavaThread "Execution worker Thread 8"         [_thread_blocked, id=7428, stack(0x0000007376700000,0x0000007376800000) (1024K)]
  0x000001be70d7f810 JavaThread "Execution worker Thread 9"         [_thread_blocked, id=4736, stack(0x0000007376800000,0x0000007376900000) (1024K)]
  0x000001be70d80530 JavaThread "Execution worker Thread 10"        [_thread_blocked, id=620, stack(0x0000007376900000,0x0000007376a00000) (1024K)]
  0x000001be70d7b670 JavaThread "Execution worker Thread 11"        [_thread_blocked, id=10172, stack(0x0000007376a00000,0x0000007376b00000) (1024K)]
  0x000001be70d7eaf0 JavaThread "Cache worker for execution history cache (C:\Users\maftuna\AndroidStudioProjects\Ovqatlanishratsioniu\.gradle\8.11.1\executionHistory)"        [_thread_blocked, id=968, stack(0x0000007376b00000,0x0000007376c00000) (1024K)]
  0x000001be70d7f180 JavaThread "idea-tooling-model-converter"        [_thread_blocked, id=14428, stack(0x0000007376c00000,0x0000007376d00000) (1024K)]
  0x000001be6c342050 JavaThread "Unconstrained build operations Thread 55"        [_thread_blocked, id=10948, stack(0x0000007376e00000,0x0000007376f00000) (1024K)]
Total: 114

Other Threads:
  0x000001be656c3650 VMThread "VM Thread"                           [id=9348, stack(0x000000736f100000,0x000000736f200000) (1024K)]
  0x000001be656321d0 WatcherThread "VM Periodic Task Thread"        [id=13348, stack(0x000000736f000000,0x000000736f100000) (1024K)]
  0x000001be4dbcf590 WorkerThread "GC Thread#0"                     [id=9312, stack(0x000000736eb00000,0x000000736ec00000) (1024K)]
  0x000001be6a5b3fa0 WorkerThread "GC Thread#1"                     [id=9592, stack(0x000000736fe00000,0x000000736ff00000) (1024K)]
  0x000001be6a4da320 WorkerThread "GC Thread#2"                     [id=1752, stack(0x000000736ff00000,0x0000007370000000) (1024K)]
  0x000001be6af0b330 WorkerThread "GC Thread#3"                     [id=15036, stack(0x0000007370000000,0x0000007370100000) (1024K)]
  0x000001be6ae21660 WorkerThread "GC Thread#4"                     [id=3612, stack(0x0000007370100000,0x0000007370200000) (1024K)]
  0x000001be6b15ed10 WorkerThread "GC Thread#5"                     [id=4144, stack(0x000000736fc00000,0x000000736fd00000) (1024K)]
  0x000001be6bb41b10 WorkerThread "GC Thread#6"                     [id=12932, stack(0x0000007370b00000,0x0000007370c00000) (1024K)]
  0x000001be6bb422c0 WorkerThread "GC Thread#7"                     [id=7844, stack(0x0000007370c00000,0x0000007370d00000) (1024K)]
  0x000001be6bb44d30 WorkerThread "GC Thread#8"                     [id=10792, stack(0x0000007370d00000,0x0000007370e00000) (1024K)]
  0x000001be6bb450d0 WorkerThread "GC Thread#9"                     [id=11440, stack(0x0000007370e00000,0x0000007370f00000) (1024K)]
  0x000001be4dbe0320 ConcurrentGCThread "G1 Main Marker"            [id=9640, stack(0x000000736ec00000,0x000000736ed00000) (1024K)]
  0x000001be4dbe0bd0 WorkerThread "G1 Conc#0"                       [id=6320, stack(0x000000736ed00000,0x000000736ee00000) (1024K)]
  0x000001be6bb445f0 WorkerThread "G1 Conc#1"                       [id=6564, stack(0x0000007370f00000,0x0000007371000000) (1024K)]
  0x000001be6bb43770 WorkerThread "G1 Conc#2"                       [id=12452, stack(0x0000007371000000,0x0000007371100000) (1024K)]
  0x000001be4dc4e1b0 ConcurrentGCThread "G1 Refine#0"               [id=11540, stack(0x000000736ee00000,0x000000736ef00000) (1024K)]
  0x000001be4dc4e9d0 ConcurrentGCThread "G1 Service"                [id=9008, stack(0x000000736ef00000,0x000000736f000000) (1024K)]
Total: 18

Threads with active compile tasks:
C2 CompilerThread0  12390 10692       4       org.gradle.cache.internal.btree.CachingBlockStore::read (56 bytes)
Total: 1

VM state: not at safepoint (normal execution)

VM Mutex/Monitor currently owned by a thread: None

Heap address: 0x0000000080000000, size: 2048 MB, Compressed Oops mode: 32-bit

CDS archive(s) not mapped
Compressed class space mapped at: 0x0000000100000000-0x0000000140000000, reserved size: 1073741824
Narrow klass base: 0x0000000000000000, Narrow klass shift: 3, Narrow klass range: 0x140000000

GC Precious Log:
 CardTable entry size: 512
 Card Set container configuration: InlinePtr #cards 5 size 8 Array Of Cards #cards 12 size 40 Howl #buckets 4 coarsen threshold 1843 Howl Bitmap #cards 512 size 80 coarsen threshold 460 Card regions per heap region 1 cards per card region 2048
 CPUs: 12 total, 12 available
 Memory: 7860M
 Large Page Support: Disabled
 NUMA Support: Disabled
 Compressed Oops: Enabled (32-bit)
 Heap Region Size: 1M
 Heap Min Capacity: 8M
 Heap Initial Capacity: 124M
 Heap Max Capacity: 2G
 Pre-touch: Disabled
 Parallel Workers: 10
 Concurrent Workers: 3
 Concurrent Refinement Workers: 10
 Periodic GC: Disabled

Heap:
 garbage-first heap   total 230400K, used 159368K [0x0000000080000000, 0x0000000100000000)
  region size 1024K, 25 young (25600K), 5 survivors (5120K)
 Metaspace       used 102138K, committed 104384K, reserved 1179648K
  class space    used 13956K, committed 15040K, reserved 1048576K

Heap Regions: E=young(eden), S=young(survivor), O=old, HS=humongous(starts), HC=humongous(continues), CS=collection set, F=free, TAMS=top-at-mark-start, PB=parsable bottom
|   0|0x0000000080000000, 0x0000000080100000, 0x0000000080100000|100%| O|  |TAMS 0x0000000080000000| PB 0x0000000080000000| Untracked 
|   1|0x0000000080100000, 0x0000000080200000, 0x0000000080200000|100%|HS|  |TAMS 0x0000000080100000| PB 0x0000000080100000| Complete 
|   2|0x0000000080200000, 0x0000000080300000, 0x0000000080300000|100%|HC|  |TAMS 0x0000000080200000| PB 0x0000000080200000| Complete 
|   3|0x0000000080300000, 0x0000000080400000, 0x0000000080400000|100%|HC|  |TAMS 0x0000000080300000| PB 0x0000000080300000| Complete 
|   4|0x0000000080400000, 0x0000000080500000, 0x0000000080500000|100%| O|  |TAMS 0x0000000080400000| PB 0x0000000080400000| Untracked 
|   5|0x0000000080500000, 0x0000000080600000, 0x0000000080600000|100%| O|  |TAMS 0x0000000080500000| PB 0x0000000080500000| Untracked 
|   6|0x0000000080600000, 0x0000000080700000, 0x0000000080700000|100%| O|  |TAMS 0x0000000080600000| PB 0x0000000080600000| Untracked 
|   7|0x0000000080700000, 0x0000000080800000, 0x0000000080800000|100%|HS|  |TAMS 0x0000000080700000| PB 0x0000000080700000| Complete 
|   8|0x0000000080800000, 0x0000000080900000, 0x0000000080900000|100%| O|  |TAMS 0x0000000080800000| PB 0x0000000080800000| Untracked 
|   9|0x0000000080900000, 0x0000000080a00000, 0x0000000080a00000|100%| O|  |TAMS 0x0000000080900000| PB 0x0000000080900000| Untracked 
|  10|0x0000000080a00000, 0x0000000080b00000, 0x0000000080b00000|100%| O|  |TAMS 0x0000000080a00000| PB 0x0000000080a00000| Untracked 
|  11|0x0000000080b00000, 0x0000000080c00000, 0x0000000080c00000|100%| O|  |TAMS 0x0000000080b00000| PB 0x0000000080b00000| Untracked 
|  12|0x0000000080c00000, 0x0000000080d00000, 0x0000000080d00000|100%| O|  |TAMS 0x0000000080c00000| PB 0x0000000080c00000| Untracked 
|  13|0x0000000080d00000, 0x0000000080e00000, 0x0000000080e00000|100%|HS|  |TAMS 0x0000000080d00000| PB 0x0000000080d00000| Complete 
|  14|0x0000000080e00000, 0x0000000080f00000, 0x0000000080f00000|100%|HC|  |TAMS 0x0000000080e00000| PB 0x0000000080e00000| Complete 
|  15|0x0000000080f00000, 0x0000000081000000, 0x0000000081000000|100%|HC|  |TAMS 0x0000000080f00000| PB 0x0000000080f00000| Complete 
|  16|0x0000000081000000, 0x0000000081100000, 0x0000000081100000|100%|HC|  |TAMS 0x0000000081000000| PB 0x0000000081000000| Complete 
|  17|0x0000000081100000, 0x0000000081200000, 0x0000000081200000|100%|HC|  |TAMS 0x0000000081100000| PB 0x0000000081100000| Complete 
|  18|0x0000000081200000, 0x0000000081300000, 0x0000000081300000|100%|HC|  |TAMS 0x0000000081200000| PB 0x0000000081200000| Complete 
|  19|0x0000000081300000, 0x0000000081400000, 0x0000000081400000|100%|HS|  |TAMS 0x0000000081300000| PB 0x0000000081300000| Complete 
|  20|0x0000000081400000, 0x0000000081500000, 0x0000000081500000|100%|HC|  |TAMS 0x0000000081400000| PB 0x0000000081400000| Complete 
|  21|0x0000000081500000, 0x0000000081600000, 0x0000000081600000|100%|HC|  |TAMS 0x0000000081500000| PB 0x0000000081500000| Complete 
|  22|0x0000000081600000, 0x0000000081700000, 0x0000000081700000|100%|HC|  |TAMS 0x0000000081600000| PB 0x0000000081600000| Complete 
|  23|0x0000000081700000, 0x0000000081800000, 0x0000000081800000|100%|HS|  |TAMS 0x0000000081700000| PB 0x0000000081700000| Complete 
|  24|0x0000000081800000, 0x0000000081900000, 0x0000000081900000|100%|HC|  |TAMS 0x0000000081800000| PB 0x0000000081800000| Complete 
|  25|0x0000000081900000, 0x0000000081a00000, 0x0000000081a00000|100%|HS|  |TAMS 0x0000000081900000| PB 0x0000000081900000| Complete 
|  26|0x0000000081a00000, 0x0000000081b00000, 0x0000000081b00000|100%| O|  |TAMS 0x0000000081a00000| PB 0x0000000081a00000| Untracked 
|  27|0x0000000081b00000, 0x0000000081c00000, 0x0000000081c00000|100%| O|  |TAMS 0x0000000081b00000| PB 0x0000000081b00000| Untracked 
|  28|0x0000000081c00000, 0x0000000081d00000, 0x0000000081d00000|100%| O|  |TAMS 0x0000000081c00000| PB 0x0000000081c00000| Untracked 
|  29|0x0000000081d00000, 0x0000000081e00000, 0x0000000081e00000|100%| O|  |TAMS 0x0000000081d00000| PB 0x0000000081d00000| Untracked 
|  30|0x0000000081e00000, 0x0000000081f00000, 0x0000000081f00000|100%| O|  |TAMS 0x0000000081e00000| PB 0x0000000081e00000| Untracked 
|  31|0x0000000081f00000, 0x0000000082000000, 0x0000000082000000|100%| O|  |TAMS 0x0000000081f00000| PB 0x0000000081f00000| Untracked 
|  32|0x0000000082000000, 0x0000000082100000, 0x0000000082100000|100%| O|  |TAMS 0x0000000082000000| PB 0x0000000082000000| Untracked 
|  33|0x0000000082100000, 0x0000000082200000, 0x0000000082200000|100%| O|  |TAMS 0x0000000082100000| PB 0x0000000082100000| Untracked 
|  34|0x0000000082200000, 0x0000000082300000, 0x0000000082300000|100%| O|  |TAMS 0x0000000082200000| PB 0x0000000082200000| Untracked 
|  35|0x0000000082300000, 0x0000000082400000, 0x0000000082400000|100%| O|  |TAMS 0x0000000082300000| PB 0x0000000082300000| Untracked 
|  36|0x0000000082400000, 0x0000000082500000, 0x0000000082500000|100%| O|  |TAMS 0x0000000082400000| PB 0x0000000082400000| Untracked 
|  37|0x0000000082500000, 0x0000000082600000, 0x0000000082600000|100%|HS|  |TAMS 0x0000000082500000| PB 0x0000000082500000| Complete 
|  38|0x0000000082600000, 0x0000000082700000, 0x0000000082700000|100%|HS|  |TAMS 0x0000000082600000| PB 0x0000000082600000| Complete 
|  39|0x0000000082700000, 0x0000000082800000, 0x0000000082800000|100%|HC|  |TAMS 0x0000000082700000| PB 0x0000000082700000| Complete 
|  40|0x0000000082800000, 0x0000000082900000, 0x0000000082900000|100%| O|  |TAMS 0x0000000082800000| PB 0x0000000082800000| Untracked 
|  41|0x0000000082900000, 0x0000000082a00000, 0x0000000082a00000|100%| O|  |TAMS 0x0000000082900000| PB 0x0000000082900000| Untracked 
|  42|0x0000000082a00000, 0x0000000082b00000, 0x0000000082b00000|100%| O|  |TAMS 0x0000000082a00000| PB 0x0000000082a00000| Untracked 
|  43|0x0000000082b00000, 0x0000000082c00000, 0x0000000082c00000|100%| O|  |TAMS 0x0000000082b00000| PB 0x0000000082b00000| Untracked 
|  44|0x0000000082c00000, 0x0000000082d00000, 0x0000000082d00000|100%| O|  |TAMS 0x0000000082c00000| PB 0x0000000082c00000| Untracked 
|  45|0x0000000082d00000, 0x0000000082e00000, 0x0000000082e00000|100%| O|  |TAMS 0x0000000082d00000| PB 0x0000000082d00000| Untracked 
|  46|0x0000000082e00000, 0x0000000082f00000, 0x0000000082f00000|100%|HS|  |TAMS 0x0000000082e00000| PB 0x0000000082e00000| Complete 
|  47|0x0000000082f00000, 0x0000000083000000, 0x0000000083000000|100%|HC|  |TAMS 0x0000000082f00000| PB 0x0000000082f00000| Complete 
|  48|0x0000000083000000, 0x0000000083100000, 0x0000000083100000|100%|HC|  |TAMS 0x0000000083000000| PB 0x0000000083000000| Complete 
|  49|0x0000000083100000, 0x0000000083200000, 0x0000000083200000|100%|HC|  |TAMS 0x0000000083100000| PB 0x0000000083100000| Complete 
|  50|0x0000000083200000, 0x0000000083300000, 0x0000000083300000|100%|HC|  |TAMS 0x0000000083200000| PB 0x0000000083200000| Complete 
|  51|0x0000000083300000, 0x0000000083400000, 0x0000000083400000|100%|HC|  |TAMS 0x0000000083300000| PB 0x0000000083300000| Complete 
|  52|0x0000000083400000, 0x0000000083500000, 0x0000000083500000|100%|HS|  |TAMS 0x0000000083400000| PB 0x0000000083400000| Complete 
|  53|0x0000000083500000, 0x0000000083600000, 0x0000000083600000|100%|HC|  |TAMS 0x0000000083500000| PB 0x0000000083500000| Complete 
|  54|0x0000000083600000, 0x0000000083700000, 0x0000000083700000|100%|HC|  |TAMS 0x0000000083600000| PB 0x0000000083600000| Complete 
|  55|0x0000000083700000, 0x0000000083800000, 0x0000000083800000|100%|HC|  |TAMS 0x0000000083700000| PB 0x0000000083700000| Complete 
|  56|0x0000000083800000, 0x0000000083900000, 0x0000000083900000|100%|HC|  |TAMS 0x0000000083800000| PB 0x0000000083800000| Complete 
|  57|0x0000000083900000, 0x0000000083a00000, 0x0000000083a00000|100%|HC|  |TAMS 0x0000000083900000| PB 0x0000000083900000| Complete 
|  58|0x0000000083a00000, 0x0000000083b00000, 0x0000000083b00000|100%|HS|  |TAMS 0x0000000083a00000| PB 0x0000000083a00000| Complete 
|  59|0x0000000083b00000, 0x0000000083c00000, 0x0000000083c00000|100%| O|  |TAMS 0x0000000083b00000| PB 0x0000000083b00000| Untracked 
|  60|0x0000000083c00000, 0x0000000083d00000, 0x0000000083d00000|100%|HS|  |TAMS 0x0000000083c00000| PB 0x0000000083c00000| Complete 
|  61|0x0000000083d00000, 0x0000000083e00000, 0x0000000083e00000|100%| O|  |TAMS 0x0000000083d00000| PB 0x0000000083d00000| Untracked 
|  62|0x0000000083e00000, 0x0000000083f00000, 0x0000000083f00000|100%| O|  |TAMS 0x0000000083e00000| PB 0x0000000083e00000| Untracked 
|  63|0x0000000083f00000, 0x0000000084000000, 0x0000000084000000|100%| O|  |TAMS 0x0000000083f00000| PB 0x0000000083f00000| Untracked 
|  64|0x0000000084000000, 0x0000000084100000, 0x0000000084100000|100%| O|  |TAMS 0x0000000084000000| PB 0x0000000084000000| Untracked 
|  65|0x0000000084100000, 0x0000000084200000, 0x0000000084200000|100%| O|Cm|TAMS 0x0000000084100000| PB 0x0000000084100000| Complete 
|  66|0x0000000084200000, 0x0000000084300000, 0x0000000084300000|100%| O|  |TAMS 0x0000000084200000| PB 0x0000000084200000| Untracked 
|  67|0x0000000084300000, 0x0000000084400000, 0x0000000084400000|100%| O|  |TAMS 0x0000000084300000| PB 0x0000000084300000| Untracked 
|  68|0x0000000084400000, 0x0000000084500000, 0x0000000084500000|100%| O|  |TAMS 0x0000000084400000| PB 0x0000000084400000| Untracked 
|  69|0x0000000084500000, 0x0000000084600000, 0x0000000084600000|100%| O|  |TAMS 0x0000000084500000| PB 0x0000000084500000| Untracked 
|  70|0x0000000084600000, 0x0000000084700000, 0x0000000084700000|100%| O|  |TAMS 0x0000000084600000| PB 0x0000000084600000| Untracked 
|  71|0x0000000084700000, 0x0000000084800000, 0x0000000084800000|100%| O|  |TAMS 0x0000000084700000| PB 0x0000000084700000| Untracked 
|  72|0x0000000084800000, 0x0000000084900000, 0x0000000084900000|100%|HS|  |TAMS 0x0000000084800000| PB 0x0000000084800000| Complete 
|  73|0x0000000084900000, 0x0000000084a00000, 0x0000000084a00000|100%|HS|  |TAMS 0x0000000084900000| PB 0x0000000084900000| Complete 
|  74|0x0000000084a00000, 0x0000000084b00000, 0x0000000084b00000|100%|HS|  |TAMS 0x0000000084a00000| PB 0x0000000084a00000| Complete 
|  75|0x0000000084b00000, 0x0000000084c00000, 0x0000000084c00000|100%| O|  |TAMS 0x0000000084b00000| PB 0x0000000084b00000| Untracked 
|  76|0x0000000084c00000, 0x0000000084d00000, 0x0000000084d00000|100%|HS|  |TAMS 0x0000000084c00000| PB 0x0000000084c00000| Complete 
|  77|0x0000000084d00000, 0x0000000084e00000, 0x0000000084e00000|100%| O|  |TAMS 0x0000000084d00000| PB 0x0000000084d00000| Untracked 
|  78|0x0000000084e00000, 0x0000000084f00000, 0x0000000084f00000|100%| O|  |TAMS 0x0000000084e00000| PB 0x0000000084e00000| Untracked 
|  79|0x0000000084f00000, 0x0000000085000000, 0x0000000085000000|100%| O|  |TAMS 0x0000000084f00000| PB 0x0000000084f00000| Untracked 
|  80|0x0000000085000000, 0x0000000085100000, 0x0000000085100000|100%| O|  |TAMS 0x0000000085000000| PB 0x0000000085000000| Untracked 
|  81|0x0000000085100000, 0x0000000085200000, 0x0000000085200000|100%| O|  |TAMS 0x0000000085100000| PB 0x0000000085100000| Untracked 
|  82|0x0000000085200000, 0x0000000085300000, 0x0000000085300000|100%| O|  |TAMS 0x0000000085200000| PB 0x0000000085200000| Untracked 
|  83|0x0000000085300000, 0x0000000085400000, 0x0000000085400000|100%| O|  |TAMS 0x0000000085300000| PB 0x0000000085300000| Untracked 
|  84|0x0000000085400000, 0x0000000085500000, 0x0000000085500000|100%| O|  |TAMS 0x0000000085400000| PB 0x0000000085400000| Untracked 
|  85|0x0000000085500000, 0x0000000085600000, 0x0000000085600000|100%| O|  |TAMS 0x0000000085500000| PB 0x0000000085500000| Untracked 
|  86|0x0000000085600000, 0x0000000085700000, 0x0000000085700000|100%| O|  |TAMS 0x0000000085600000| PB 0x0000000085600000| Untracked 
|  87|0x0000000085700000, 0x0000000085800000, 0x0000000085800000|100%| O|  |TAMS 0x0000000085700000| PB 0x0000000085700000| Untracked 
|  88|0x0000000085800000, 0x0000000085900000, 0x0000000085900000|100%|HS|  |TAMS 0x0000000085800000| PB 0x0000000085800000| Complete 
|  89|0x0000000085900000, 0x0000000085a00000, 0x0000000085a00000|100%| O|  |TAMS 0x0000000085900000| PB 0x0000000085900000| Untracked 
|  90|0x0000000085a00000, 0x0000000085b00000, 0x0000000085b00000|100%| O|  |TAMS 0x0000000085a00000| PB 0x0000000085a00000| Untracked 
|  91|0x0000000085b00000, 0x0000000085c00000, 0x0000000085c00000|100%| O|  |TAMS 0x0000000085b00000| PB 0x0000000085b00000| Untracked 
|  92|0x0000000085c00000, 0x0000000085d00000, 0x0000000085d00000|100%| O|  |TAMS 0x0000000085c00000| PB 0x0000000085c00000| Untracked 
|  93|0x0000000085d00000, 0x0000000085e00000, 0x0000000085e00000|100%| O|  |TAMS 0x0000000085d00000| PB 0x0000000085d00000| Untracked 
|  94|0x0000000085e00000, 0x0000000085f00000, 0x0000000085f00000|100%| O|  |TAMS 0x0000000085e00000| PB 0x0000000085e00000| Untracked 
|  95|0x0000000085f00000, 0x0000000086000000, 0x0000000086000000|100%| O|Cm|TAMS 0x0000000085f00000| PB 0x0000000085f00000| Complete 
|  96|0x0000000086000000, 0x0000000086100000, 0x0000000086100000|100%| O|  |TAMS 0x0000000086000000| PB 0x0000000086000000| Untracked 
|  97|0x0000000086100000, 0x0000000086200000, 0x0000000086200000|100%| O|  |TAMS 0x0000000086100000| PB 0x0000000086100000| Untracked 
|  98|0x0000000086200000, 0x0000000086300000, 0x0000000086300000|100%| O|  |TAMS 0x0000000086200000| PB 0x0000000086200000| Untracked 
|  99|0x0000000086300000, 0x0000000086400000, 0x0000000086400000|100%| O|Cm|TAMS 0x0000000086300000| PB 0x0000000086300000| Complete 
| 100|0x0000000086400000, 0x0000000086500000, 0x0000000086500000|100%| O|  |TAMS 0x0000000086400000| PB 0x0000000086400000| Untracked 
| 101|0x0000000086500000, 0x0000000086600000, 0x0000000086600000|100%|HS|  |TAMS 0x0000000086500000| PB 0x0000000086500000| Complete 
| 102|0x0000000086600000, 0x0000000086700000, 0x0000000086700000|100%|HC|  |TAMS 0x0000000086600000| PB 0x0000000086600000| Complete 
| 103|0x0000000086700000, 0x0000000086800000, 0x0000000086800000|100%|HS|  |TAMS 0x0000000086700000| PB 0x0000000086700000| Complete 
| 104|0x0000000086800000, 0x0000000086900000, 0x0000000086900000|100%|HC|  |TAMS 0x0000000086800000| PB 0x0000000086800000| Complete 
| 105|0x0000000086900000, 0x0000000086a00000, 0x0000000086a00000|100%|HC|  |TAMS 0x0000000086900000| PB 0x0000000086900000| Complete 
| 106|0x0000000086a00000, 0x0000000086b00000, 0x0000000086b00000|100%|HC|  |TAMS 0x0000000086a00000| PB 0x0000000086a00000| Complete 
| 107|0x0000000086b00000, 0x0000000086c00000, 0x0000000086c00000|100%|HC|  |TAMS 0x0000000086b00000| PB 0x0000000086b00000| Complete 
| 108|0x0000000086c00000, 0x0000000086d00000, 0x0000000086d00000|100%|HC|  |TAMS 0x0000000086c00000| PB 0x0000000086c00000| Complete 
| 109|0x0000000086d00000, 0x0000000086e00000, 0x0000000086e00000|100%|HS|  |TAMS 0x0000000086d00000| PB 0x0000000086d00000| Complete 
| 110|0x0000000086e00000, 0x0000000086f00000, 0x0000000086f00000|100%|HC|  |TAMS 0x0000000086e00000| PB 0x0000000086e00000| Complete 
| 111|0x0000000086f00000, 0x0000000087000000, 0x0000000087000000|100%|HC|  |TAMS 0x0000000086f00000| PB 0x0000000086f00000| Complete 
| 112|0x0000000087000000, 0x0000000087100000, 0x0000000087100000|100%|HC|  |TAMS 0x0000000087000000| PB 0x0000000087000000| Complete 
| 113|0x0000000087100000, 0x0000000087200000, 0x0000000087200000|100%|HS|  |TAMS 0x0000000087100000| PB 0x0000000087100000| Complete 
| 114|0x0000000087200000, 0x0000000087300000, 0x0000000087300000|100%|HC|  |TAMS 0x0000000087200000| PB 0x0000000087200000| Complete 
| 115|0x0000000087300000, 0x0000000087400000, 0x0000000087400000|100%| O|  |TAMS 0x0000000087300000| PB 0x0000000087300000| Untracked 
| 116|0x0000000087400000, 0x0000000087500000, 0x0000000087500000|100%| O|  |TAMS 0x0000000087400000| PB 0x0000000087400000| Untracked 
| 117|0x0000000087500000, 0x0000000087600000, 0x0000000087600000|100%| O|  |TAMS 0x0000000087500000| PB 0x0000000087500000| Untracked 
| 118|0x0000000087600000, 0x0000000087700000, 0x0000000087700000|100%| O|  |TAMS 0x0000000087600000| PB 0x0000000087600000| Untracked 
| 119|0x0000000087700000, 0x0000000087800000, 0x0000000087800000|100%| O|  |TAMS 0x0000000087700000| PB 0x0000000087700000| Untracked 
| 120|0x0000000087800000, 0x0000000087900000, 0x0000000087900000|100%| O|  |TAMS 0x0000000087800000| PB 0x0000000087800000| Untracked 
| 121|0x0000000087900000, 0x000000008792d7a0, 0x0000000087a00000| 17%| O|  |TAMS 0x0000000087900000| PB 0x0000000087900000| Untracked 
| 122|0x0000000087a00000, 0x0000000087a00000, 0x0000000087b00000|  0%| F|  |TAMS 0x0000000087a00000| PB 0x0000000087a00000| Untracked 
| 123|0x0000000087b00000, 0x0000000087b00000, 0x0000000087c00000|  0%| F|  |TAMS 0x0000000087b00000| PB 0x0000000087b00000| Untracked 
| 124|0x0000000087c00000, 0x0000000087c00000, 0x0000000087d00000|  0%| F|  |TAMS 0x0000000087c00000| PB 0x0000000087c00000| Untracked 
| 125|0x0000000087d00000, 0x0000000087d00000, 0x0000000087e00000|  0%| F|  |TAMS 0x0000000087d00000| PB 0x0000000087d00000| Untracked 
| 126|0x0000000087e00000, 0x0000000087e00000, 0x0000000087f00000|  0%| F|  |TAMS 0x0000000087e00000| PB 0x0000000087e00000| Untracked 
| 127|0x0000000087f00000, 0x0000000087f00000, 0x0000000088000000|  0%| F|  |TAMS 0x0000000087f00000| PB 0x0000000087f00000| Untracked 
| 128|0x0000000088000000, 0x0000000088000000, 0x0000000088100000|  0%| F|  |TAMS 0x0000000088000000| PB 0x0000000088000000| Untracked 
| 129|0x0000000088100000, 0x0000000088100000, 0x0000000088200000|  0%| F|  |TAMS 0x0000000088100000| PB 0x0000000088100000| Untracked 
| 130|0x0000000088200000, 0x0000000088200000, 0x0000000088300000|  0%| F|  |TAMS 0x0000000088200000| PB 0x0000000088200000| Untracked 
| 131|0x0000000088300000, 0x0000000088300000, 0x0000000088400000|  0%| F|  |TAMS 0x0000000088300000| PB 0x0000000088300000| Untracked 
| 132|0x0000000088400000, 0x0000000088400000, 0x0000000088500000|  0%| F|  |TAMS 0x0000000088400000| PB 0x0000000088400000| Untracked 
| 133|0x0000000088500000, 0x0000000088500000, 0x0000000088600000|  0%| F|  |TAMS 0x0000000088500000| PB 0x0000000088500000| Untracked 
| 134|0x0000000088600000, 0x0000000088600000, 0x0000000088700000|  0%| F|  |TAMS 0x0000000088600000| PB 0x0000000088600000| Untracked 
| 135|0x0000000088700000, 0x0000000088700000, 0x0000000088800000|  0%| F|  |TAMS 0x0000000088700000| PB 0x0000000088700000| Untracked 
| 136|0x0000000088800000, 0x0000000088800000, 0x0000000088900000|  0%| F|  |TAMS 0x0000000088800000| PB 0x0000000088800000| Untracked 
| 137|0x0000000088900000, 0x0000000088900000, 0x0000000088a00000|  0%| F|  |TAMS 0x0000000088900000| PB 0x0000000088900000| Untracked 
| 138|0x0000000088a00000, 0x0000000088a00000, 0x0000000088b00000|  0%| F|  |TAMS 0x0000000088a00000| PB 0x0000000088a00000| Untracked 
| 139|0x0000000088b00000, 0x0000000088b00000, 0x0000000088c00000|  0%| F|  |TAMS 0x0000000088b00000| PB 0x0000000088b00000| Untracked 
| 140|0x0000000088c00000, 0x0000000088c00000, 0x0000000088d00000|  0%| F|  |TAMS 0x0000000088c00000| PB 0x0000000088c00000| Untracked 
| 141|0x0000000088d00000, 0x0000000088d00000, 0x0000000088e00000|  0%| F|  |TAMS 0x0000000088d00000| PB 0x0000000088d00000| Untracked 
| 142|0x0000000088e00000, 0x0000000088e00000, 0x0000000088f00000|  0%| F|  |TAMS 0x0000000088e00000| PB 0x0000000088e00000| Untracked 
| 143|0x0000000088f00000, 0x0000000088f00000, 0x0000000089000000|  0%| F|  |TAMS 0x0000000088f00000| PB 0x0000000088f00000| Untracked 
| 144|0x0000000089000000, 0x0000000089000000, 0x0000000089100000|  0%| F|  |TAMS 0x0000000089000000| PB 0x0000000089000000| Untracked 
| 145|0x0000000089100000, 0x0000000089100000, 0x0000000089200000|  0%| F|  |TAMS 0x0000000089100000| PB 0x0000000089100000| Untracked 
| 146|0x0000000089200000, 0x0000000089200000, 0x0000000089300000|  0%| F|  |TAMS 0x0000000089200000| PB 0x0000000089200000| Untracked 
| 147|0x0000000089300000, 0x0000000089300000, 0x0000000089400000|  0%| F|  |TAMS 0x0000000089300000| PB 0x0000000089300000| Untracked 
| 148|0x0000000089400000, 0x0000000089400000, 0x0000000089500000|  0%| F|  |TAMS 0x0000000089400000| PB 0x0000000089400000| Untracked 
| 149|0x0000000089500000, 0x0000000089500000, 0x0000000089600000|  0%| F|  |TAMS 0x0000000089500000| PB 0x0000000089500000| Untracked 
| 150|0x0000000089600000, 0x0000000089600000, 0x0000000089700000|  0%| F|  |TAMS 0x0000000089600000| PB 0x0000000089600000| Untracked 
| 151|0x0000000089700000, 0x0000000089700000, 0x0000000089800000|  0%| F|  |TAMS 0x0000000089700000| PB 0x0000000089700000| Untracked 
| 152|0x0000000089800000, 0x0000000089800000, 0x0000000089900000|  0%| F|  |TAMS 0x0000000089800000| PB 0x0000000089800000| Untracked 
| 153|0x0000000089900000, 0x0000000089900000, 0x0000000089a00000|  0%| F|  |TAMS 0x0000000089900000| PB 0x0000000089900000| Untracked 
| 154|0x0000000089a00000, 0x0000000089a00000, 0x0000000089b00000|  0%| F|  |TAMS 0x0000000089a00000| PB 0x0000000089a00000| Untracked 
| 155|0x0000000089b00000, 0x0000000089b00000, 0x0000000089c00000|  0%| F|  |TAMS 0x0000000089b00000| PB 0x0000000089b00000| Untracked 
| 156|0x0000000089c00000, 0x0000000089c00000, 0x0000000089d00000|  0%| F|  |TAMS 0x0000000089c00000| PB 0x0000000089c00000| Untracked 
| 157|0x0000000089d00000, 0x0000000089d00000, 0x0000000089e00000|  0%| F|  |TAMS 0x0000000089d00000| PB 0x0000000089d00000| Untracked 
| 158|0x0000000089e00000, 0x0000000089e00000, 0x0000000089f00000|  0%| F|  |TAMS 0x0000000089e00000| PB 0x0000000089e00000| Untracked 
| 159|0x0000000089f00000, 0x0000000089f00000, 0x000000008a000000|  0%| F|  |TAMS 0x0000000089f00000| PB 0x0000000089f00000| Untracked 
| 160|0x000000008a000000, 0x000000008a000000, 0x000000008a100000|  0%| F|  |TAMS 0x000000008a000000| PB 0x000000008a000000| Untracked 
| 161|0x000000008a100000, 0x000000008a100000, 0x000000008a200000|  0%| F|  |TAMS 0x000000008a100000| PB 0x000000008a100000| Untracked 
| 162|0x000000008a200000, 0x000000008a200000, 0x000000008a300000|  0%| F|  |TAMS 0x000000008a200000| PB 0x000000008a200000| Untracked 
| 163|0x000000008a300000, 0x000000008a300000, 0x000000008a400000|  0%| F|  |TAMS 0x000000008a300000| PB 0x000000008a300000| Untracked 
| 164|0x000000008a400000, 0x000000008a400000, 0x000000008a500000|  0%| F|  |TAMS 0x000000008a400000| PB 0x000000008a400000| Untracked 
| 165|0x000000008a500000, 0x000000008a500000, 0x000000008a600000|  0%| F|  |TAMS 0x000000008a500000| PB 0x000000008a500000| Untracked 
| 166|0x000000008a600000, 0x000000008a674a00, 0x000000008a700000| 45%| S|CS|TAMS 0x000000008a600000| PB 0x000000008a600000| Complete 
| 167|0x000000008a700000, 0x000000008a800000, 0x000000008a800000|100%| S|CS|TAMS 0x000000008a700000| PB 0x000000008a700000| Complete 
| 168|0x000000008a800000, 0x000000008a900000, 0x000000008a900000|100%| S|CS|TAMS 0x000000008a800000| PB 0x000000008a800000| Complete 
| 169|0x000000008a900000, 0x000000008aa00000, 0x000000008aa00000|100%| S|CS|TAMS 0x000000008a900000| PB 0x000000008a900000| Complete 
| 170|0x000000008aa00000, 0x000000008ab00000, 0x000000008ab00000|100%| S|CS|TAMS 0x000000008aa00000| PB 0x000000008aa00000| Complete 
| 171|0x000000008ab00000, 0x000000008ab00000, 0x000000008ac00000|  0%| F|  |TAMS 0x000000008ab00000| PB 0x000000008ab00000| Untracked 
| 172|0x000000008ac00000, 0x000000008ac00000, 0x000000008ad00000|  0%| F|  |TAMS 0x000000008ac00000| PB 0x000000008ac00000| Untracked 
| 173|0x000000008ad00000, 0x000000008ad00000, 0x000000008ae00000|  0%| F|  |TAMS 0x000000008ad00000| PB 0x000000008ad00000| Untracked 
| 174|0x000000008ae00000, 0x000000008ae00000, 0x000000008af00000|  0%| F|  |TAMS 0x000000008ae00000| PB 0x000000008ae00000| Untracked 
| 175|0x000000008af00000, 0x000000008af00000, 0x000000008b000000|  0%| F|  |TAMS 0x000000008af00000| PB 0x000000008af00000| Untracked 
| 176|0x000000008b000000, 0x000000008b000000, 0x000000008b100000|  0%| F|  |TAMS 0x000000008b000000| PB 0x000000008b000000| Untracked 
| 177|0x000000008b100000, 0x000000008b100000, 0x000000008b200000|  0%| F|  |TAMS 0x000000008b100000| PB 0x000000008b100000| Untracked 
| 178|0x000000008b200000, 0x000000008b200000, 0x000000008b300000|  0%| F|  |TAMS 0x000000008b200000| PB 0x000000008b200000| Untracked 
| 179|0x000000008b300000, 0x000000008b300000, 0x000000008b400000|  0%| F|  |TAMS 0x000000008b300000| PB 0x000000008b300000| Untracked 
| 180|0x000000008b400000, 0x000000008b400000, 0x000000008b500000|  0%| F|  |TAMS 0x000000008b400000| PB 0x000000008b400000| Untracked 
| 181|0x000000008b500000, 0x000000008b500000, 0x000000008b600000|  0%| F|  |TAMS 0x000000008b500000| PB 0x000000008b500000| Untracked 
| 182|0x000000008b600000, 0x000000008b600000, 0x000000008b700000|  0%| F|  |TAMS 0x000000008b600000| PB 0x000000008b600000| Untracked 
| 183|0x000000008b700000, 0x000000008b700000, 0x000000008b800000|  0%| F|  |TAMS 0x000000008b700000| PB 0x000000008b700000| Untracked 
| 184|0x000000008b800000, 0x000000008b800000, 0x000000008b900000|  0%| F|  |TAMS 0x000000008b800000| PB 0x000000008b800000| Untracked 
| 185|0x000000008b900000, 0x000000008b900000, 0x000000008ba00000|  0%| F|  |TAMS 0x000000008b900000| PB 0x000000008b900000| Untracked 
| 186|0x000000008ba00000, 0x000000008ba00000, 0x000000008bb00000|  0%| F|  |TAMS 0x000000008ba00000| PB 0x000000008ba00000| Untracked 
| 187|0x000000008bb00000, 0x000000008bb00000, 0x000000008bc00000|  0%| F|  |TAMS 0x000000008bb00000| PB 0x000000008bb00000| Untracked 
| 188|0x000000008bc00000, 0x000000008bc00000, 0x000000008bd00000|  0%| F|  |TAMS 0x000000008bc00000| PB 0x000000008bc00000| Untracked 
| 189|0x000000008bd00000, 0x000000008bd00000, 0x000000008be00000|  0%| F|  |TAMS 0x000000008bd00000| PB 0x000000008bd00000| Untracked 
| 190|0x000000008be00000, 0x000000008be00000, 0x000000008bf00000|  0%| F|  |TAMS 0x000000008be00000| PB 0x000000008be00000| Untracked 
| 191|0x000000008bf00000, 0x000000008bf00000, 0x000000008c000000|  0%| F|  |TAMS 0x000000008bf00000| PB 0x000000008bf00000| Untracked 
| 192|0x000000008c000000, 0x000000008c000000, 0x000000008c100000|  0%| F|  |TAMS 0x000000008c000000| PB 0x000000008c000000| Untracked 
| 193|0x000000008c100000, 0x000000008c100000, 0x000000008c200000|  0%| F|  |TAMS 0x000000008c100000| PB 0x000000008c100000| Untracked 
| 194|0x000000008c200000, 0x000000008c2db408, 0x000000008c300000| 85%| E|  |TAMS 0x000000008c200000| PB 0x000000008c200000| Complete 
| 195|0x000000008c300000, 0x000000008c400000, 0x000000008c400000|100%| E|CS|TAMS 0x000000008c300000| PB 0x000000008c300000| Complete 
| 196|0x000000008c400000, 0x000000008c500000, 0x000000008c500000|100%| E|CS|TAMS 0x000000008c400000| PB 0x000000008c400000| Complete 
| 197|0x000000008c500000, 0x000000008c600000, 0x000000008c600000|100%| E|CS|TAMS 0x000000008c500000| PB 0x000000008c500000| Complete 
| 198|0x000000008c600000, 0x000000008c700000, 0x000000008c700000|100%| E|CS|TAMS 0x000000008c600000| PB 0x000000008c600000| Complete 
| 199|0x000000008c700000, 0x000000008c800000, 0x000000008c800000|100%| E|CS|TAMS 0x000000008c700000| PB 0x000000008c700000| Complete 
| 200|0x000000008c800000, 0x000000008c900000, 0x000000008c900000|100%| E|CS|TAMS 0x000000008c800000| PB 0x000000008c800000| Complete 
| 201|0x000000008c900000, 0x000000008ca00000, 0x000000008ca00000|100%| E|CS|TAMS 0x000000008c900000| PB 0x000000008c900000| Complete 
| 202|0x000000008ca00000, 0x000000008cb00000, 0x000000008cb00000|100%| E|CS|TAMS 0x000000008ca00000| PB 0x000000008ca00000| Complete 
| 203|0x000000008cb00000, 0x000000008cc00000, 0x000000008cc00000|100%| E|CS|TAMS 0x000000008cb00000| PB 0x000000008cb00000| Complete 
| 204|0x000000008cc00000, 0x000000008cd00000, 0x000000008cd00000|100%| E|CS|TAMS 0x000000008cc00000| PB 0x000000008cc00000| Complete 
| 205|0x000000008cd00000, 0x000000008ce00000, 0x000000008ce00000|100%| E|CS|TAMS 0x000000008cd00000| PB 0x000000008cd00000| Complete 
| 206|0x000000008ce00000, 0x000000008cf00000, 0x000000008cf00000|100%| E|CS|TAMS 0x000000008ce00000| PB 0x000000008ce00000| Complete 
| 207|0x000000008cf00000, 0x000000008d000000, 0x000000008d000000|100%| E|CS|TAMS 0x000000008cf00000| PB 0x000000008cf00000| Complete 
| 208|0x000000008d000000, 0x000000008d100000, 0x000000008d100000|100%| E|CS|TAMS 0x000000008d000000| PB 0x000000008d000000| Complete 
| 209|0x000000008d100000, 0x000000008d200000, 0x000000008d200000|100%| E|CS|TAMS 0x000000008d100000| PB 0x000000008d100000| Complete 
| 210|0x000000008d200000, 0x000000008d300000, 0x000000008d300000|100%| E|CS|TAMS 0x000000008d200000| PB 0x000000008d200000| Complete 
| 211|0x000000008d300000, 0x000000008d400000, 0x000000008d400000|100%| E|CS|TAMS 0x000000008d300000| PB 0x000000008d300000| Complete 
|2035|0x00000000ff300000, 0x00000000ff400000, 0x00000000ff400000|100%| O|  |TAMS 0x00000000ff300000| PB 0x00000000ff300000| Untracked 
|2036|0x00000000ff400000, 0x00000000ff500000, 0x00000000ff500000|100%| O|  |TAMS 0x00000000ff400000| PB 0x00000000ff400000| Untracked 
|2037|0x00000000ff500000, 0x00000000ff600000, 0x00000000ff600000|100%| O|  |TAMS 0x00000000ff500000| PB 0x00000000ff500000| Untracked 
|2038|0x00000000ff600000, 0x00000000ff700000, 0x00000000ff700000|100%| E|CS|TAMS 0x00000000ff600000| PB 0x00000000ff600000| Complete 
|2039|0x00000000ff700000, 0x00000000ff800000, 0x00000000ff800000|100%| O|  |TAMS 0x00000000ff700000| PB 0x00000000ff700000| Untracked 
|2040|0x00000000ff800000, 0x00000000ff900000, 0x00000000ff900000|100%| E|CS|TAMS 0x00000000ff800000| PB 0x00000000ff800000| Complete 
|2041|0x00000000ff900000, 0x00000000ffa00000, 0x00000000ffa00000|100%| O|  |TAMS 0x00000000ff900000| PB 0x00000000ff900000| Untracked 
|2042|0x00000000ffa00000, 0x00000000ffb00000, 0x00000000ffb00000|100%| O|  |TAMS 0x00000000ffa00000| PB 0x00000000ffa00000| Untracked 
|2043|0x00000000ffb00000, 0x00000000ffc00000, 0x00000000ffc00000|100%| O|  |TAMS 0x00000000ffb00000| PB 0x00000000ffb00000| Untracked 
|2044|0x00000000ffc00000, 0x00000000ffd00000, 0x00000000ffd00000|100%| O|  |TAMS 0x00000000ffc00000| PB 0x00000000ffc00000| Untracked 
|2045|0x00000000ffd00000, 0x00000000ffe00000, 0x00000000ffe00000|100%| O|  |TAMS 0x00000000ffd00000| PB 0x00000000ffd00000| Untracked 
|2046|0x00000000ffe00000, 0x00000000fff00000, 0x00000000fff00000|100%| O|  |TAMS 0x00000000ffe00000| PB 0x00000000ffe00000| Untracked 
|2047|0x00000000fff00000, 0x0000000100000000, 0x0000000100000000|100%| O|  |TAMS 0x00000000fff00000| PB 0x00000000fff00000| Untracked 

Card table byte_map: [0x000001be60630000,0x000001be60a30000] _byte_map_base: 0x000001be60230000

Marking Bits: (CMBitMap*) 0x000001be4dbcfa40
 Bits: [0x000001be60a30000, 0x000001be62a30000)

Polling page: 0x000001be4bb40000

Metaspace:

Usage:
  Non-class:     86.12 MB used.
      Class:     13.63 MB used.
       Both:     99.74 MB used.

Virtual space:
  Non-class space:      128.00 MB reserved,      87.25 MB ( 68%) committed,  2 nodes.
      Class space:        1.00 GB reserved,      14.69 MB (  1%) committed,  1 nodes.
             Both:        1.12 GB reserved,     101.94 MB (  9%) committed. 

Chunk freelists:
   Non-Class:  8.23 MB
       Class:  1.35 MB
        Both:  9.59 MB

MaxMetaspaceSize: unlimited
CompressedClassSpaceSize: 1.00 GB
Initial GC threshold: 21.00 MB
Current GC threshold: 169.81 MB
CDS: off
 - commit_granule_bytes: 65536.
 - commit_granule_words: 8192.
 - virtual_space_node_default_size: 8388608.
 - enlarge_chunks_in_place: 1.
 - use_allocation_guard: 0.


Internal statistics:

num_allocs_failed_limit: 6.
num_arena_births: 4110.
num_arena_deaths: 0.
num_vsnodes_births: 3.
num_vsnodes_deaths: 0.
num_space_committed: 1631.
num_space_uncommitted: 0.
num_chunks_returned_to_freelist: 6.
num_chunks_taken_from_freelist: 8509.
num_chunk_merges: 6.
num_chunk_splits: 5538.
num_chunks_enlarged: 3446.
num_inconsistent_stats: 0.

CodeHeap 'non-profiled nmethods': size=120000Kb used=5550Kb max_used=5550Kb free=114449Kb
 bounds [0x000001be587b0000, 0x000001be58d30000, 0x000001be5fce0000]
CodeHeap 'profiled nmethods': size=120000Kb used=16335Kb max_used=16793Kb free=103664Kb
 bounds [0x000001be50ce0000, 0x000001be51d50000, 0x000001be58210000]
CodeHeap 'non-nmethods': size=5760Kb used=2859Kb max_used=2908Kb free=2900Kb
 bounds [0x000001be58210000, 0x000001be58500000, 0x000001be587b0000]
 total_blobs=9984 nmethods=9005 adapters=882
 compilation: enabled
              stopped_count=0, restarted_count=0
 full_count=0

Compilation events (20 events):
Event: 12.095 Thread 0x000001be658463c0 nmethod 10683 0x000001be58b65490 code [0x000001be58b65640, 0x000001be58b65898]
Event: 12.097 Thread 0x000001be658463c0 10684       4       org.gradle.internal.snapshot.ChildMapFactory::childMapFromSorted (84 bytes)
Event: 12.099 Thread 0x000001be658463c0 nmethod 10684 0x000001be58c14c90 code [0x000001be58c14e60, 0x000001be58c15238]
Event: 12.152 Thread 0x000001be65860980 10685       3       jdk.internal.misc.Unsafe::freeMemory (18 bytes)
Event: 12.152 Thread 0x000001be65860980 nmethod 10685 0x000001be50e50090 code [0x000001be50e50260, 0x000001be50e50540]
Event: 12.152 Thread 0x000001be65860980 10686       3       jdk.internal.misc.Unsafe::freeMemoryChecks (7 bytes)
Event: 12.152 Thread 0x000001be65860980 nmethod 10686 0x000001be50d00090 code [0x000001be50d00240, 0x000001be50d00440]
Event: 12.156 Thread 0x000001be65860980 10687       3       sun.nio.fs.NativeBuffer::free (10 bytes)
Event: 12.156 Thread 0x000001be65860980 nmethod 10687 0x000001be50df5410 code [0x000001be50df5600, 0x000001be50df59e0]
Event: 12.156 Thread 0x000001be65860980 10688       3       sun.nio.fs.NativeBuffer$Deallocator::run (11 bytes)
Event: 12.157 Thread 0x000001be65860980 nmethod 10688 0x000001be50d8ad10 code [0x000001be50d8aee0, 0x000001be50d8b200]
Event: 12.173 Thread 0x000001be658463c0 10689       4       java.util.Arrays::sort (47 bytes)
Event: 12.174 Thread 0x000001be658463c0 nmethod 10689 0x000001be58b80a90 code [0x000001be58b80c40, 0x000001be58b80de8]
Event: 12.234 Thread 0x000001be658463c0 10690   !   4       java.util.concurrent.locks.AbstractQueuedSynchronizer::acquire (424 bytes)
Event: 12.253 Thread 0x000001be658463c0 nmethod 10690 0x000001be58b17590 code [0x000001be58b17840, 0x000001be58b18ef0]
Event: 12.291 Thread 0x000001be658463c0 10691       4       java.lang.invoke.MemberName::changeReferenceKind (46 bytes)
Event: 12.292 Thread 0x000001be658463c0 nmethod 10691 0x000001be58853f10 code [0x000001be588540a0, 0x000001be58854138]
Event: 12.296 Thread 0x000001be658463c0 10692       4       org.gradle.cache.internal.btree.CachingBlockStore::read (56 bytes)
Event: 12.317 Thread 0x000001be65860980 10695       2       org.gradle.internal.io.StreamByteBuffer::<init> (70 bytes)
Event: 12.318 Thread 0x000001be65860980 nmethod 10695 0x000001be50dd4390 code [0x000001be50dd4560, 0x000001be50dd4af8]

GC Heap History (20 events):
Event: 8.622 GC heap before
{Heap before GC invocations=23 (full 0):
 garbage-first heap   total 169984K, used 156884K [0x0000000080000000, 0x0000000100000000)
  region size 1024K, 68 young (69632K), 5 survivors (5120K)
 Metaspace       used 76222K, committed 78080K, reserved 1179648K
  class space    used 10307K, committed 11200K, reserved 1048576K
}
Event: 8.627 GC heap after
{Heap after GC invocations=24 (full 0):
 garbage-first heap   total 169984K, used 99229K [0x0000000080000000, 0x0000000100000000)
  region size 1024K, 9 young (9216K), 9 survivors (9216K)
 Metaspace       used 76222K, committed 78080K, reserved 1179648K
  class space    used 10307K, committed 11200K, reserved 1048576K
}
Event: 9.206 GC heap before
{Heap before GC invocations=24 (full 0):
 garbage-first heap   total 169984K, used 151453K [0x0000000080000000, 0x0000000100000000)
  region size 1024K, 60 young (61440K), 9 survivors (9216K)
 Metaspace       used 81538K, committed 83520K, reserved 1179648K
  class space    used 10998K, committed 11968K, reserved 1048576K
}
Event: 9.211 GC heap after
{Heap after GC invocations=25 (full 0):
 garbage-first heap   total 169984K, used 101104K [0x0000000080000000, 0x0000000100000000)
  region size 1024K, 3 young (3072K), 3 survivors (3072K)
 Metaspace       used 81538K, committed 83520K, reserved 1179648K
  class space    used 10998K, committed 11968K, reserved 1048576K
}
Event: 9.279 GC heap before
{Heap before GC invocations=25 (full 0):
 garbage-first heap   total 169984K, used 104176K [0x0000000080000000, 0x0000000100000000)
  region size 1024K, 7 young (7168K), 3 survivors (3072K)
 Metaspace       used 82706K, committed 84672K, reserved 1179648K
  class space    used 11122K, committed 12096K, reserved 1048576K
}
Event: 9.282 GC heap after
{Heap after GC invocations=26 (full 0):
 garbage-first heap   total 169984K, used 101670K [0x0000000080000000, 0x0000000100000000)
  region size 1024K, 4 young (4096K), 4 survivors (4096K)
 Metaspace       used 82706K, committed 84672K, reserved 1179648K
  class space    used 11122K, committed 12096K, reserved 1048576K
}
Event: 9.634 GC heap before
{Heap before GC invocations=27 (full 0):
 garbage-first heap   total 178176K, used 157990K [0x0000000080000000, 0x0000000100000000)
  region size 1024K, 54 young (55296K), 4 survivors (4096K)
 Metaspace       used 85605K, committed 87552K, reserved 1179648K
  class space    used 11511K, committed 12480K, reserved 1048576K
}
Event: 9.638 GC heap after
{Heap after GC invocations=28 (full 0):
 garbage-first heap   total 178176K, used 106604K [0x0000000080000000, 0x0000000100000000)
  region size 1024K, 7 young (7168K), 7 survivors (7168K)
 Metaspace       used 85605K, committed 87552K, reserved 1179648K
  class space    used 11511K, committed 12480K, reserved 1048576K
}
Event: 10.117 GC heap before
{Heap before GC invocations=28 (full 0):
 garbage-first heap   total 178176K, used 159852K [0x0000000080000000, 0x0000000100000000)
  region size 1024K, 59 young (60416K), 7 survivors (7168K)
 Metaspace       used 89312K, committed 91264K, reserved 1179648K
  class space    used 11981K, committed 12992K, reserved 1048576K
}
Event: 10.124 GC heap after
{Heap after GC invocations=29 (full 0):
 garbage-first heap   total 178176K, used 110165K [0x0000000080000000, 0x0000000100000000)
  region size 1024K, 4 young (4096K), 4 survivors (4096K)
 Metaspace       used 89312K, committed 91264K, reserved 1179648K
  class space    used 11981K, committed 12992K, reserved 1048576K
}
Event: 10.279 GC heap before
{Heap before GC invocations=29 (full 0):
 garbage-first heap   total 178176K, used 126549K [0x0000000080000000, 0x0000000100000000)
  region size 1024K, 21 young (21504K), 4 survivors (4096K)
 Metaspace       used 90468K, committed 92480K, reserved 1179648K
  class space    used 12154K, committed 13184K, reserved 1048576K
}
Event: 10.283 GC heap after
{Heap after GC invocations=30 (full 0):
 garbage-first heap   total 178176K, used 111368K [0x0000000080000000, 0x0000000100000000)
  region size 1024K, 5 young (5120K), 5 survivors (5120K)
 Metaspace       used 90468K, committed 92480K, reserved 1179648K
  class space    used 12154K, committed 13184K, reserved 1048576K
}
Event: 10.800 GC heap before
{Heap before GC invocations=31 (full 0):
 garbage-first heap   total 188416K, used 163592K [0x0000000080000000, 0x0000000100000000)
  region size 1024K, 55 young (56320K), 5 survivors (5120K)
 Metaspace       used 94504K, committed 96512K, reserved 1179648K
  class space    used 12870K, committed 13888K, reserved 1048576K
}
Event: 10.805 GC heap after
{Heap after GC invocations=32 (full 0):
 garbage-first heap   total 188416K, used 113022K [0x0000000080000000, 0x0000000100000000)
  region size 1024K, 3 young (3072K), 3 survivors (3072K)
 Metaspace       used 94504K, committed 96512K, reserved 1179648K
  class space    used 12870K, committed 13888K, reserved 1048576K
}
Event: 11.430 GC heap before
{Heap before GC invocations=32 (full 0):
 garbage-first heap   total 188416K, used 186750K [0x0000000080000000, 0x0000000100000000)
  region size 1024K, 61 young (62464K), 3 survivors (3072K)
 Metaspace       used 100343K, committed 102464K, reserved 1179648K
  class space    used 13711K, committed 14784K, reserved 1048576K
}
Event: 11.437 GC heap after
{Heap after GC invocations=33 (full 0):
 garbage-first heap   total 199680K, used 133469K [0x0000000080000000, 0x0000000100000000)
  region size 1024K, 8 young (8192K), 8 survivors (8192K)
 Metaspace       used 100343K, committed 102464K, reserved 1179648K
  class space    used 13711K, committed 14784K, reserved 1048576K
}
Event: 11.847 GC heap before
{Heap before GC invocations=33 (full 0):
 garbage-first heap   total 199680K, used 178525K [0x0000000080000000, 0x0000000100000000)
  region size 1024K, 53 young (54272K), 8 survivors (8192K)
 Metaspace       used 102110K, committed 104320K, reserved 1179648K
  class space    used 13949K, committed 15040K, reserved 1048576K
}
Event: 11.852 GC heap after
{Heap after GC invocations=34 (full 0):
 garbage-first heap   total 199680K, used 137313K [0x0000000080000000, 0x0000000100000000)
  region size 1024K, 5 young (5120K), 5 survivors (5120K)
 Metaspace       used 102110K, committed 104320K, reserved 1179648K
  class space    used 13949K, committed 15040K, reserved 1048576K
}
Event: 12.187 GC heap before
{Heap before GC invocations=35 (full 0):
 garbage-first heap   total 230400K, used 181345K [0x0000000080000000, 0x0000000100000000)
  region size 1024K, 48 young (49152K), 5 survivors (5120K)
 Metaspace       used 102110K, committed 104320K, reserved 1179648K
  class space    used 13949K, committed 15040K, reserved 1048576K
}
Event: 12.192 GC heap after
{Heap after GC invocations=36 (full 0):
 garbage-first heap   total 230400K, used 139912K [0x0000000080000000, 0x0000000100000000)
  region size 1024K, 5 young (5120K), 5 survivors (5120K)
 Metaspace       used 102110K, committed 104320K, reserved 1179648K
  class space    used 13949K, committed 15040K, reserved 1048576K
}

Dll operation events (3 events):
Event: 0.020 Loaded shared library D:\Program Files\Android\Android Studio\jbr\bin\java.dll
Event: 0.028 Loaded shared library D:\Program Files\Android\Android Studio\jbr\bin\zip.dll
Event: 0.680 Loaded shared library D:\Program Files\Android\Android Studio\jbr\bin\verify.dll

Deoptimization events (20 events):
Event: 11.384 Thread 0x000001be6bb49260 Uncommon trap: trap_request=0xffffff45 fr.pc=0x000001be58a3d44c relative=0x000000000000046c
Event: 11.384 Thread 0x000001be6bb49260 Uncommon trap: reason=unstable_if action=reinterpret pc=0x000001be58a3d44c method=java.lang.Integer.stringSize(I)I @ 3 c2
Event: 11.384 Thread 0x000001be6bb49260 DEOPT PACKING pc=0x000001be58a3d44c sp=0x00000073707fac30
Event: 11.384 Thread 0x000001be6bb49260 DEOPT UNPACKING pc=0x000001be582646a2 sp=0x00000073707fab80 mode 2
Event: 11.541 Thread 0x000001be6bb49260 Uncommon trap: trap_request=0xfffffff4 fr.pc=0x000001be58c91294 relative=0x0000000000000074
Event: 11.541 Thread 0x000001be6bb49260 Uncommon trap: reason=null_check action=make_not_entrant pc=0x000001be58c91294 method=java.lang.Class.isAnnotation()Z @ 1 c2
Event: 11.541 Thread 0x000001be6bb49260 DEOPT PACKING pc=0x000001be58c91294 sp=0x00000073707f8a60
Event: 11.541 Thread 0x000001be6bb49260 DEOPT UNPACKING pc=0x000001be582646a2 sp=0x00000073707f89f0 mode 2
Event: 11.559 Thread 0x000001be6bb49260 Uncommon trap: trap_request=0xffffff45 fr.pc=0x000001be58c51ed4 relative=0x0000000000000294
Event: 11.559 Thread 0x000001be6bb49260 Uncommon trap: reason=unstable_if action=reinterpret pc=0x000001be58c51ed4 method=com.google.common.collect.MapMakerInternalMap$Segment.drainKeyReferenceQueue(Ljava/lang/ref/ReferenceQueue;)V @ 32 c2
Event: 11.559 Thread 0x000001be6bb49260 DEOPT PACKING pc=0x000001be58c51ed4 sp=0x00000073707f6480
Event: 11.559 Thread 0x000001be6bb49260 DEOPT UNPACKING pc=0x000001be582646a2 sp=0x00000073707f63a0 mode 2
Event: 11.559 Thread 0x000001be6bb49260 Uncommon trap: trap_request=0xffffff45 fr.pc=0x000001be58c51434 relative=0x0000000000000274
Event: 11.559 Thread 0x000001be6bb49260 Uncommon trap: reason=unstable_if action=reinterpret pc=0x000001be58c51434 method=com.google.common.collect.MapMakerInternalMap$Segment.drainKeyReferenceQueue(Ljava/lang/ref/ReferenceQueue;)V @ 32 c2
Event: 11.559 Thread 0x000001be6bb49260 DEOPT PACKING pc=0x000001be58c51434 sp=0x00000073707f6400
Event: 11.559 Thread 0x000001be6bb49260 DEOPT UNPACKING pc=0x000001be582646a2 sp=0x00000073707f6390 mode 2
Event: 11.566 Thread 0x000001be6bb49260 Uncommon trap: trap_request=0xffffff45 fr.pc=0x000001be5883d12c relative=0x000000000000042c
Event: 11.566 Thread 0x000001be6bb49260 Uncommon trap: reason=unstable_if action=reinterpret pc=0x000001be5883d12c method=java.lang.StringLatin1.compareToCI([B[B)I @ 68 c2
Event: 11.566 Thread 0x000001be6bb49260 DEOPT PACKING pc=0x000001be5883d12c sp=0x00000073707f6050
Event: 11.566 Thread 0x000001be6bb49260 DEOPT UNPACKING pc=0x000001be582646a2 sp=0x00000073707f5f40 mode 2

Classes loaded (20 events):
Event: 11.186 Loading class java/util/TreeMap$NavigableSubMap$SubMapKeyIterator
Event: 11.186 Loading class java/util/TreeMap$NavigableSubMap$SubMapIterator
Event: 11.186 Loading class java/util/TreeMap$NavigableSubMap$SubMapIterator done
Event: 11.186 Loading class java/util/TreeMap$NavigableSubMap$SubMapKeyIterator done
Event: 11.270 Loading class java/util/IdentityHashMap$KeyIterator
Event: 11.271 Loading class java/util/IdentityHashMap$KeyIterator done
Event: 11.347 Loading class java/util/TreeMap$KeySpliterator
Event: 11.348 Loading class java/util/TreeMap$TreeMapSpliterator
Event: 11.348 Loading class java/util/TreeMap$TreeMapSpliterator done
Event: 11.348 Loading class java/util/TreeMap$KeySpliterator done
Event: 11.360 Loading class java/util/concurrent/ConcurrentLinkedQueue$Itr
Event: 11.360 Loading class java/util/concurrent/ConcurrentLinkedQueue$Itr done
Event: 11.421 Loading class java/io/PushbackInputStream
Event: 11.421 Loading class java/io/PushbackInputStream done
Event: 11.512 Loading class java/util/AbstractList$ListItr
Event: 11.513 Loading class java/util/AbstractList$ListItr done
Event: 12.286 Loading class java/util/concurrent/LinkedBlockingDeque$Itr
Event: 12.286 Loading class java/util/concurrent/LinkedBlockingDeque$AbstractItr
Event: 12.287 Loading class java/util/concurrent/LinkedBlockingDeque$AbstractItr done
Event: 12.287 Loading class java/util/concurrent/LinkedBlockingDeque$Itr done

Classes unloaded (0 events):
No events

Classes redefined (0 events):
No events

Internal exceptions (20 events):
Event: 11.208 Thread 0x000001be6bb6e4a0 Exception <a 'java/lang/NoSuchMethodError'{0x0000000088696378}: static [B.<clinit>()V> (0x0000000088696378) 
thrown [s\src\hotspot\share\prims\jni.cpp, line 1135]
Event: 11.301 Thread 0x000001be70d79c30 Exception <a 'java/lang/NoSuchMethodError'{0x00000000880b7780}: 'java.lang.Object java.lang.invoke.DirectMethodHandle$Holder.newInvokeSpecial(java.lang.Object, java.lang.Object, int, java.lang.Object, java.lang.Object)'> (0x00000000880b7780) 
thrown [s\src\hotspot\share\interpreter\linkResolver.cpp, line 784]
Event: 11.341 Thread 0x000001be70d79c30 Exception <a 'java/lang/NoSuchMethodError'{0x0000000087b132f8}: 'java.lang.Object java.lang.invoke.DirectMethodHandle$Holder.invokeVirtual(java.lang.Object, java.lang.Object, java.lang.Object, java.lang.Object, java.lang.Object, java.lang.Object, java.lang.Object, java.lang.Object, java.lang.Object, java.lang.Object, java.lang.Object, java.lang.Object, java.lang.Object, java.lang.Object, java.lang.Object, java.lang.Object, java.lang.Object, java.lang.Object, java.lang.Object)'> (0x0000000087b132f8) 
thrown
Event: 11.352 Thread 0x000001be6bb6e4a0 Exception <a 'java/lang/NoSuchMethodError'{0x0000000087a02a68}: static Lorg/gradle/internal/build/event/types/DefaultTaskStartedProgressEvent;.<clinit>()V> (0x0000000087a02a68) 
thrown [s\src\hotspot\share\prims\jni.cpp, line 1135]
Event: 11.353 Thread 0x000001be6bb6e4a0 Exception <a 'java/lang/NoSuchMethodError'{0x0000000087a0df60}: static Lorg/gradle/internal/build/event/types/DefaultTaskDescriptor;.<clinit>()V> (0x0000000087a0df60) 
thrown [s\src\hotspot\share\prims\jni.cpp, line 1135]
Event: 11.357 Thread 0x000001be6bb6e4a0 Exception <a 'java/lang/NoSuchMethodError'{0x0000000087a4e2a8}: static Lorg/gradle/internal/build/event/types/DefaultTaskFinishedProgressEvent;.<clinit>()V> (0x0000000087a4e2a8) 
thrown [s\src\hotspot\share\prims\jni.cpp, line 1135]
Event: 11.358 Thread 0x000001be6bb6e4a0 Exception <a 'java/lang/NoSuchMethodError'{0x0000000087a64730}: static Lorg/gradle/internal/build/event/types/DefaultTaskSuccessResult;.<clinit>()V> (0x0000000087a64730) 
thrown [s\src\hotspot\share\prims\jni.cpp, line 1135]
Event: 11.358 Thread 0x000001be6bb6e4a0 Exception <a 'java/lang/NoSuchMethodError'{0x0000000087a65e88}: static Lorg/gradle/internal/build/event/types/AbstractTaskResult;.<clinit>()V> (0x0000000087a65e88) 
thrown [s\src\hotspot\share\prims\jni.cpp, line 1135]
Event: 11.383 Thread 0x000001be70d7f180 Implicit null exception at 0x000001be58a5b507 to 0x000001be58a5b5cc
Event: 11.449 Thread 0x000001be70d7f180 Exception <a 'java/lang/NoSuchMethodError'{0x000000008ad04610}: 'void java.lang.invoke.DirectMethodHandle$Holder.invokeStaticInit(java.lang.Object)'> (0x000000008ad04610) 
thrown [s\src\hotspot\share\interpreter\linkResolver.cpp, line 784]
Event: 11.449 Thread 0x000001be70d7f180 Exception <a 'java/lang/NoSuchMethodError'{0x000000008ad161f0}: 'void java.lang.invoke.DirectMethodHandle$Holder.invokeStatic(java.lang.Object, int)'> (0x000000008ad161f0) 
thrown [s\src\hotspot\share\interpreter\linkResolver.cpp, line 784]
Event: 11.450 Thread 0x000001be70d7f180 Exception <a 'java/lang/NoSuchMethodError'{0x000000008ad195e0}: 'void java.lang.invoke.DirectMethodHandle$Holder.invokeStaticInit(java.lang.Object, int)'> (0x000000008ad195e0) 
thrown [s\src\hotspot\share\interpreter\linkResolver.cpp, line 784]
Event: 11.507 Thread 0x000001be70d7f180 Exception <a 'java/lang/NoSuchMethodError'{0x000000008a70aed8}: static Lcom/intellij/gradle/toolingExtension/impl/javaModel/manifestModel/DefaultJavaGradleManifestModel;.<clinit>()V> (0x000000008a70aed8) 
thrown [s\src\hotspot\share\prims\jni.cpp, line 1135]
Event: 11.508 Thread 0x000001be70d7f180 Exception <a 'java/lang/NoSuchMethodError'{0x000000008a71a2a8}: static Lorg/jetbrains/kotlin/android/synthetic/idea/AndroidExtensionsGradleModelImpl;.<clinit>()V> (0x000000008a71a2a8) 
thrown [s\src\hotspot\share\prims\jni.cpp, line 1135]
Event: 11.508 Thread 0x000001be70d7f180 Exception <a 'java/lang/NoSuchMethodError'{0x000000008a723088}: static Lorg/jetbrains/kotlin/idea/gradleTooling/model/parcelize/ParcelizeGradleModelImpl;.<clinit>()V> (0x000000008a723088) 
thrown [s\src\hotspot\share\prims\jni.cpp, line 1135]
Event: 11.508 Thread 0x000001be70d7f180 Exception <a 'java/lang/NoSuchMethodError'{0x000000008a72b0f0}: static Lorg/jetbrains/kotlin/idea/gradleTooling/model/assignment/AssignmentModelImpl;.<clinit>()V> (0x000000008a72b0f0) 
thrown [s\src\hotspot\share\prims\jni.cpp, line 1135]
Event: 11.509 Thread 0x000001be70d7f180 Exception <a 'java/lang/NoSuchMethodError'{0x000000008a73ad98}: static Lorg/jetbrains/kotlin/idea/gradleTooling/model/samWithReceiver/SamWithReceiverModelImpl;.<clinit>()V> (0x000000008a73ad98) 
thrown [s\src\hotspot\share\prims\jni.cpp, line 1135]
Event: 11.509 Thread 0x000001be70d7f180 Exception <a 'java/lang/NoSuchMethodError'{0x000000008a743ae8}: static Lorg/jetbrains/kotlin/idea/gradleTooling/model/noarg/NoArgModelImpl;.<clinit>()V> (0x000000008a743ae8) 
thrown [s\src\hotspot\share\prims\jni.cpp, line 1135]
Event: 11.509 Thread 0x000001be70d7f180 Exception <a 'java/lang/NoSuchMethodError'{0x000000008a74c638}: static Lorg/jetbrains/kotlin/idea/gradleTooling/model/allopen/AllOpenModelImpl;.<clinit>()V> (0x000000008a74c638) 
thrown [s\src\hotspot\share\prims\jni.cpp, line 1135]
Event: 11.512 Thread 0x000001be70d7f180 Exception <a 'java/lang/NoSuchMethodError'{0x000000008a7f9208}: static Lorg/jetbrains/plugins/gradle/tooling/internal/VersionCatalogsModelImpl;.<clinit>()V> (0x000000008a7f9208) 
thrown [s\src\hotspot\share\prims\jni.cpp, line 1135]

ZGC Phase Switch (0 events):
No events

VM Operations (20 events):
Event: 11.355 Executing VM operation: HandshakeAllThreads (Deoptimize)
Event: 11.355 Executing VM operation: HandshakeAllThreads (Deoptimize) done
Event: 11.430 Executing VM operation: G1CollectForAllocation (G1 Evacuation Pause)
Event: 11.437 Executing VM operation: G1CollectForAllocation (G1 Evacuation Pause) done
Event: 11.514 Executing VM operation: HandshakeAllThreads (Deoptimize)
Event: 11.514 Executing VM operation: HandshakeAllThreads (Deoptimize) done
Event: 11.554 Executing VM operation: HandshakeAllThreads (Deoptimize)
Event: 11.554 Executing VM operation: HandshakeAllThreads (Deoptimize) done
Event: 11.846 Executing VM operation: G1CollectForAllocation (G1 Evacuation Pause)
Event: 11.852 Executing VM operation: G1CollectForAllocation (G1 Evacuation Pause) done
Event: 11.883 Executing VM operation: G1PauseRemark
Event: 11.887 Executing VM operation: G1PauseRemark done
Event: 11.910 Executing VM operation: G1PauseCleanup
Event: 11.910 Executing VM operation: G1PauseCleanup done
Event: 12.187 Executing VM operation: G1CollectForAllocation (G1 Evacuation Pause)
Event: 12.192 Executing VM operation: G1CollectForAllocation (G1 Evacuation Pause) done
Event: 12.296 Executing VM operation: HandshakeAllThreads (Deoptimize)
Event: 12.296 Executing VM operation: HandshakeAllThreads (Deoptimize) done
Event: 12.297 Executing VM operation: HandshakeAllThreads (Deoptimize)
Event: 12.297 Executing VM operation: HandshakeAllThreads (Deoptimize) done

Memory protections (0 events):
No events

Nmethod flushes (20 events):
Event: 11.886 Thread 0x000001be656c3650 flushing  nmethod 0x000001be50feef10
Event: 11.886 Thread 0x000001be656c3650 flushing  nmethod 0x000001be50ff2910
Event: 11.886 Thread 0x000001be656c3650 flushing  nmethod 0x000001be50ff3e90
Event: 11.886 Thread 0x000001be656c3650 flushing  nmethod 0x000001be50ff5f10
Event: 11.886 Thread 0x000001be656c3650 flushing  nmethod 0x000001be510ef290
Event: 11.886 Thread 0x000001be656c3650 flushing osr nmethod 0x000001be511ace10
Event: 11.886 Thread 0x000001be656c3650 flushing  nmethod 0x000001be5129d190
Event: 11.886 Thread 0x000001be656c3650 flushing  nmethod 0x000001be51309d10
Event: 11.886 Thread 0x000001be656c3650 flushing  nmethod 0x000001be515cdd90
Event: 11.886 Thread 0x000001be656c3650 flushing  nmethod 0x000001be5164ac90
Event: 11.886 Thread 0x000001be656c3650 flushing  nmethod 0x000001be51a49310
Event: 11.886 Thread 0x000001be656c3650 flushing  nmethod 0x000001be51112710
Event: 11.886 Thread 0x000001be656c3650 flushing  nmethod 0x000001be51116910
Event: 11.886 Thread 0x000001be656c3650 flushing  nmethod 0x000001be512af510
Event: 11.886 Thread 0x000001be656c3650 flushing  nmethod 0x000001be51395790
Event: 11.886 Thread 0x000001be656c3650 flushing  nmethod 0x000001be515b2610
Event: 11.886 Thread 0x000001be656c3650 flushing  nmethod 0x000001be51621390
Event: 11.886 Thread 0x000001be656c3650 flushing  nmethod 0x000001be51624590
Event: 11.886 Thread 0x000001be656c3650 flushing  nmethod 0x000001be51625710
Event: 11.886 Thread 0x000001be656c3650 flushing  nmethod 0x000001be51626510

Events (20 events):
Event: 10.631 Thread 0x000001be6c00a900 Thread exited: 0x000001be6c00a900
Event: 11.181 Thread 0x000001be6bb49260 Thread added: 0x000001be70d7fea0
Event: 11.197 Thread 0x000001be70d7fea0 Thread exited: 0x000001be70d7fea0
Event: 11.293 Thread 0x000001be6bb49260 Thread added: 0x000001be70d79c30
Event: 11.303 Thread 0x000001be70d79c30 Thread added: 0x000001be70d7c390
Event: 11.303 Thread 0x000001be70d79c30 Thread added: 0x000001be70d78f10
Event: 11.303 Thread 0x000001be70d79c30 Thread added: 0x000001be70d795a0
Event: 11.303 Thread 0x000001be70d79c30 Thread added: 0x000001be70d7a2c0
Event: 11.303 Thread 0x000001be70d79c30 Thread added: 0x000001be70d7ca20
Event: 11.303 Thread 0x000001be70d79c30 Thread added: 0x000001be70d7a950
Event: 11.304 Thread 0x000001be70d79c30 Thread added: 0x000001be70d7d0b0
Event: 11.304 Thread 0x000001be70d79c30 Thread added: 0x000001be70d7d740
Event: 11.304 Thread 0x000001be70d79c30 Thread added: 0x000001be70d7f810
Event: 11.304 Thread 0x000001be70d79c30 Thread added: 0x000001be70d80530
Event: 11.304 Thread 0x000001be70d79c30 Thread added: 0x000001be70d7b670
Event: 11.327 Thread 0x000001be70d79c30 Thread added: 0x000001be70d7eaf0
Event: 11.383 Thread 0x000001be6bb49260 Thread added: 0x000001be70d7f180
Event: 11.385 Thread 0x000001be65860980 Thread added: 0x000001be6fce3030
Event: 11.557 Thread 0x000001be6bb49260 Thread added: 0x000001be6c342050
Event: 12.094 Thread 0x000001be6fce3030 Thread exited: 0x000001be6fce3030


Dynamic libraries:
0x00007ff71e7b0000 - 0x00007ff71e7ba000 	D:\Program Files\Android\Android Studio\jbr\bin\java.exe
0x00007ffe1a3b0000 - 0x00007ffe1a5a8000 	C:\Windows\SYSTEM32\ntdll.dll
0x00007ffe19950000 - 0x00007ffe19a0f000 	C:\Windows\System32\KERNEL32.DLL
0x00007ffe17ad0000 - 0x00007ffe17da2000 	C:\Windows\System32\KERNELBASE.dll
0x00007ffe18070000 - 0x00007ffe18170000 	C:\Windows\System32\ucrtbase.dll
0x00007ffe0cc70000 - 0x00007ffe0cc88000 	D:\Program Files\Android\Android Studio\jbr\bin\jli.dll
0x00007ffe10bf0000 - 0x00007ffe10c0b000 	D:\Program Files\Android\Android Studio\jbr\bin\VCRUNTIME140.dll
0x00007ffe185d0000 - 0x00007ffe18771000 	C:\Windows\System32\USER32.dll
0x00007ffe17db0000 - 0x00007ffe17dd2000 	C:\Windows\System32\win32u.dll
0x00007ffe19900000 - 0x00007ffe1992b000 	C:\Windows\System32\GDI32.dll
0x00007ffdfb500000 - 0x00007ffdfb79a000 	C:\Windows\WinSxS\amd64_microsoft.windows.common-controls_6595b64144ccf1df_6.0.19041.1110_none_60b5254171f9507e\COMCTL32.dll
0x00007ffe17f60000 - 0x00007ffe1806f000 	C:\Windows\System32\gdi32full.dll
0x00007ffe183f0000 - 0x00007ffe1848e000 	C:\Windows\System32\msvcrt.dll
0x00007ffe17de0000 - 0x00007ffe17e7d000 	C:\Windows\System32\msvcp_win.dll
0x00007ffe1a210000 - 0x00007ffe1a242000 	C:\Windows\System32\IMM32.DLL
0x00007ffe10cd0000 - 0x00007ffe10cdc000 	D:\Program Files\Android\Android Studio\jbr\bin\vcruntime140_1.dll
0x00007ffdf00d0000 - 0x00007ffdf015d000 	D:\Program Files\Android\Android Studio\jbr\bin\msvcp140.dll
0x00007ffdc6630000 - 0x00007ffdc72ba000 	D:\Program Files\Android\Android Studio\jbr\bin\server\jvm.dll
0x00007ffe18820000 - 0x00007ffe188ce000 	C:\Windows\System32\ADVAPI32.dll
0x00007ffe18780000 - 0x00007ffe1881c000 	C:\Windows\System32\sechost.dll
0x00007ffe18bc0000 - 0x00007ffe18ce5000 	C:\Windows\System32\RPCRT4.dll
0x00007ffe18cf0000 - 0x00007ffe18d5b000 	C:\Windows\System32\WS2_32.dll
0x00007ffe08e70000 - 0x00007ffe08e97000 	C:\Windows\SYSTEM32\WINMM.dll
0x00007ffe17070000 - 0x00007ffe170bb000 	C:\Windows\SYSTEM32\POWRPROF.dll
0x00007ffe0c4f0000 - 0x00007ffe0c4fa000 	C:\Windows\SYSTEM32\VERSION.dll
0x00007ffe16ee0000 - 0x00007ffe16ef2000 	C:\Windows\SYSTEM32\UMPDC.dll
0x00007ffe162f0000 - 0x00007ffe16302000 	C:\Windows\SYSTEM32\kernel.appcore.dll
0x00007ffe10ba0000 - 0x00007ffe10baa000 	D:\Program Files\Android\Android Studio\jbr\bin\jimage.dll
0x00007ffe15880000 - 0x00007ffe15a64000 	C:\Windows\SYSTEM32\DBGHELP.DLL
0x00007ffded740000 - 0x00007ffded775000 	C:\Windows\SYSTEM32\dbgcore.DLL
0x00007ffe17e80000 - 0x00007ffe17f02000 	C:\Windows\System32\bcryptPrimitives.dll
0x00007ffe0d070000 - 0x00007ffe0d07e000 	D:\Program Files\Android\Android Studio\jbr\bin\instrument.dll
0x00007ffe0ca60000 - 0x00007ffe0ca80000 	D:\Program Files\Android\Android Studio\jbr\bin\java.dll
0x00007ffe0c1e0000 - 0x00007ffe0c1f8000 	D:\Program Files\Android\Android Studio\jbr\bin\zip.dll
0x00007ffe19ac0000 - 0x00007ffe1a204000 	C:\Windows\System32\SHELL32.dll
0x00007ffe15b40000 - 0x00007ffe162d2000 	C:\Windows\SYSTEM32\windows.storage.dll
0x00007ffe191e0000 - 0x00007ffe19535000 	C:\Windows\System32\combase.dll
0x00007ffe17500000 - 0x00007ffe17530000 	C:\Windows\SYSTEM32\Wldp.dll
0x00007ffe18b10000 - 0x00007ffe18bbd000 	C:\Windows\System32\SHCORE.dll
0x00007ffe19820000 - 0x00007ffe19875000 	C:\Windows\System32\shlwapi.dll
0x00007ffe179e0000 - 0x00007ffe179ff000 	C:\Windows\SYSTEM32\profapi.dll
0x00007ffe10b90000 - 0x00007ffe10ba0000 	D:\Program Files\Android\Android Studio\jbr\bin\net.dll
0x00007ffe0fc20000 - 0x00007ffe0fd2c000 	C:\Windows\SYSTEM32\WINHTTP.dll
0x00007ffe17260000 - 0x00007ffe172ca000 	C:\Windows\system32\mswsock.dll
0x00007ffe0b1a0000 - 0x00007ffe0b1b6000 	D:\Program Files\Android\Android Studio\jbr\bin\nio.dll
0x00007ffe0f190000 - 0x00007ffe0f1a0000 	D:\Program Files\Android\Android Studio\jbr\bin\verify.dll
0x00007ffdf2450000 - 0x00007ffdf2477000 	C:\Users\maftuna\.gradle\native\c067742578af261105cb4f569cf0c3c89f3d7b1fecec35dd04571415982c5e48\windows-amd64\native-platform.dll
0x00007ffdd6480000 - 0x00007ffdd65c4000 	C:\Users\maftuna\.gradle\native\100fb08df4bc3b14c8652ba06237920a3bd2aa13389f12d3474272988ae205f9\windows-amd64\native-platform-file-events.dll
0x00007ffe0f8d0000 - 0x00007ffe0f8d9000 	D:\Program Files\Android\Android Studio\jbr\bin\management.dll
0x00007ffe0f1a0000 - 0x00007ffe0f1ab000 	D:\Program Files\Android\Android Studio\jbr\bin\management_ext.dll
0x00007ffe18d60000 - 0x00007ffe18d68000 	C:\Windows\System32\PSAPI.DLL
0x00007ffe17450000 - 0x00007ffe17468000 	C:\Windows\SYSTEM32\CRYPTSP.dll
0x00007ffe16b10000 - 0x00007ffe16b44000 	C:\Windows\system32\rsaenh.dll
0x00007ffe17aa0000 - 0x00007ffe17ac7000 	C:\Windows\System32\bcrypt.dll
0x00007ffe179a0000 - 0x00007ffe179ce000 	C:\Windows\SYSTEM32\USERENV.dll
0x00007ffe17470000 - 0x00007ffe1747c000 	C:\Windows\SYSTEM32\CRYPTBASE.dll
0x00007ffe16f00000 - 0x00007ffe16f3b000 	C:\Windows\SYSTEM32\IPHLPAPI.DLL
0x00007ffe19930000 - 0x00007ffe19938000 	C:\Windows\System32\NSI.dll
0x00007ffe0f910000 - 0x00007ffe0f919000 	D:\Program Files\Android\Android Studio\jbr\bin\extnet.dll
0x00007ffde6bd0000 - 0x00007ffde6bd7000 	C:\Windows\system32\wshunix.dll

dbghelp: loaded successfully - version: 4.0.5 - missing functions: none
symbol engine: initialized successfully - sym options: 0x614 - pdb path: .;D:\Program Files\Android\Android Studio\jbr\bin;C:\Windows\SYSTEM32;C:\Windows\WinSxS\amd64_microsoft.windows.common-controls_6595b64144ccf1df_6.0.19041.1110_none_60b5254171f9507e;D:\Program Files\Android\Android Studio\jbr\bin\server;C:\Users\maftuna\.gradle\native\c067742578af261105cb4f569cf0c3c89f3d7b1fecec35dd04571415982c5e48\windows-amd64;C:\Users\maftuna\.gradle\native\100fb08df4bc3b14c8652ba06237920a3bd2aa13389f12d3474272988ae205f9\windows-amd64

VM Arguments:
jvm_args: --add-opens=java.base/java.lang=ALL-UNNAMED --add-opens=java.base/java.lang.invoke=ALL-UNNAMED --add-opens=java.base/java.util=ALL-UNNAMED --add-opens=java.prefs/java.util.prefs=ALL-UNNAMED --add-exports=jdk.compiler/com.sun.tools.javac.api=ALL-UNNAMED --add-exports=jdk.compiler/com.sun.tools.javac.util=ALL-UNNAMED --add-opens=java.base/java.util=ALL-UNNAMED --add-opens=java.prefs/java.util.prefs=ALL-UNNAMED --add-opens=java.base/java.nio.charset=ALL-UNNAMED --add-opens=java.base/java.net=ALL-UNNAMED --add-opens=java.base/java.util.concurrent.atomic=ALL-UNNAMED --add-opens=java.xml/javax.xml.namespace=ALL-UNNAMED -Xmx2048m -Dfile.encoding=UTF-8 -Duser.country=RU -Duser.language=ru -Duser.variant -javaagent:C:\Users\maftuna\.gradle\wrapper\dists\gradle-8.11.1-bin\bpt9gzteqjrbo1mjrsomdt32c\gradle-8.11.1\lib\agents\gradle-instrumentation-agent-8.11.1.jar 
java_command: org.gradle.launcher.daemon.bootstrap.GradleDaemon 8.11.1
java_class_path (initial): C:\Users\maftuna\.gradle\wrapper\dists\gradle-8.11.1-bin\bpt9gzteqjrbo1mjrsomdt32c\gradle-8.11.1\lib\gradle-daemon-main-8.11.1.jar
Launcher Type: SUN_STANDARD

[Global flags]
     intx CICompilerCount                          = 4                                         {product} {ergonomic}
     uint ConcGCThreads                            = 3                                         {product} {ergonomic}
     uint G1ConcRefinementThreads                  = 10                                        {product} {ergonomic}
   size_t G1HeapRegionSize                         = 1048576                                   {product} {ergonomic}
    uintx GCDrainStackTargetSize                   = 64                                        {product} {ergonomic}
   size_t InitialHeapSize                          = 130023424                                 {product} {ergonomic}
   size_t MarkStackSize                            = 4194304                                   {product} {ergonomic}
   size_t MaxHeapSize                              = 2147483648                                {product} {command line}
   size_t MaxNewSize                               = 1287651328                                {product} {ergonomic}
   size_t MinHeapDeltaBytes                        = 1048576                                   {product} {ergonomic}
   size_t MinHeapSize                              = 8388608                                   {product} {ergonomic}
    uintx NonNMethodCodeHeapSize                   = 5839372                                {pd product} {ergonomic}
    uintx NonProfiledCodeHeapSize                  = 122909434                              {pd product} {ergonomic}
    uintx ProfiledCodeHeapSize                     = 122909434                              {pd product} {ergonomic}
    uintx ReservedCodeCacheSize                    = 251658240                              {pd product} {ergonomic}
     bool SegmentedCodeCache                       = true                                      {product} {ergonomic}
   size_t SoftMaxHeapSize                          = 2147483648                             {manageable} {ergonomic}
     bool UseCompressedOops                        = true                           {product lp64_product} {ergonomic}
     bool UseG1GC                                  = true                                      {product} {ergonomic}
     bool UseLargePagesIndividualAllocation        = false                                  {pd product} {ergonomic}

Logging:
Log output configuration:
 #0: stdout all=warning uptime,level,tags foldmultilines=false
 #1: stderr all=off uptime,level,tags foldmultilines=false

Environment Variables:
PATH=C:\Windows\system32;C:\Windows;C:\Windows\System32\Wbem;C:\Windows\System32\WindowsPowerShell\v1.0\;C:\Windows\System32\OpenSSH\;C:\Users\maftuna\AppData\Local\Microsoft\WindowsApps;
USERNAME=maftuna
OS=Windows_NT
PROCESSOR_IDENTIFIER=Intel64 Family 6 Model 154 Stepping 3, GenuineIntel
TMP=C:\Users\maftuna\AppData\Local\Temp
TEMP=C:\Users\maftuna\AppData\Local\Temp




Periodic native trim disabled

JNI global refs:
JNI global refs: 29, weak refs: 2

JNI global refs memory usage: 835, weak refs: 833

Process memory usage:
Resident Set Size: 397572K (4% of 8048768K total physical memory with 418296K free physical memory)

OOME stack traces (most recent first):
Classloader memory used:
Loader org.gradle.internal.classloader.VisitableURLClassLoader                         : 40514K
Loader bootstrap                                                                       : 26041K
Loader org.gradle.internal.classloader.VisitableURLClassLoader$InstrumentingVisitableURLClassLoader: 20102K
Loader org.gradle.initialization.MixInLegacyTypesClassLoader                           : 12250K
Loader org.gradle.internal.classloader.VisitableURLClassLoader                         : 1901K
Loader jdk.internal.loader.ClassLoaders$PlatformClassLoader                            : 535K
Loader jdk.internal.reflect.DelegatingClassLoader                                      : 418K
Loader jdk.internal.loader.ClassLoaders$AppClassLoader                                 : 234K
Loader org.gradle.groovy.scripts.internal.DefaultScriptCompilationHandler$ScriptClassLoader: 89056B
Loader org.codehaus.groovy.runtime.callsite.CallSiteClassLoader                        : 53080B

Classes loaded by more than one classloader:
Class Program                                                                         : loaded 5 times (x 68B)
Class org.gradle.internal.Cast                                                        : loaded 3 times (x 67B)
Class org.gradle.api.Action                                                           : loaded 3 times (x 66B)
Class Build_gradle$1                                                                  : loaded 3 times (x 70B)
Class org.gradle.internal.IoActions                                                   : loaded 3 times (x 67B)
Class org.gradle.api.UncheckedIOException                                             : loaded 3 times (x 78B)
Class org.gradle.api.GradleException                                                  : loaded 3 times (x 78B)
Class Build_gradle                                                                    : loaded 3 times (x 126B)
Class com.intellij.gradle.toolingExtension.impl.model.sourceSetModel.GradleSourceSetSerialisationService$Companion: loaded 2 times (x 67B)
Class org.gradle.internal.classloader.ClassLoaderHierarchy                            : loaded 2 times (x 66B)
Class com.google.common.collect.ImmutableEnumSet                                      : loaded 2 times (x 142B)
Class com.google.common.util.concurrent.ExecutionError                                : loaded 2 times (x 78B)
Class com.google.common.collect.ImmutableList$1                                       : loaded 2 times (x 93B)
Class org.jetbrains.plugins.gradle.tooling.util.IntObjectMap$ObjectFactory            : loaded 2 times (x 66B)
Class ijInit1_cntk5eki0cm8aeutjvbbkz5gc                                               : loaded 2 times (x 175B)
Class org.gradle.tooling.model.build.GradleEnvironment                                : loaded 2 times (x 66B)
Class org.gradle.api.internal.classpath.ManifestUtil                                  : loaded 2 times (x 67B)
Class com.google.common.collect.RegularImmutableMap                                   : loaded 2 times (x 117B)
Class com.google.common.collect.ImmutableMap$MapViewOfValuesAsSingletonSets           : loaded 2 times (x 121B)
Class org.jetbrains.plugins.gradle.model.GradleExtensions                             : loaded 2 times (x 66B)
Class org.jetbrains.plugins.gradle.model.AnnotationProcessingModel                    : loaded 2 times (x 66B)
Class org.gradle.tooling.internal.adapter.TargetTypeProvider                          : loaded 2 times (x 66B)
Class [Lorg.objectweb.asm.Symbol;                                                     : loaded 2 times (x 65B)
Class org.objectweb.asm.ClassVisitor                                                  : loaded 2 times (x 84B)
Class com.google.common.collect.UnmodifiableListIterator                              : loaded 2 times (x 91B)
Class org.gradle.internal.operations.MultipleBuildOperationFailures                   : loaded 2 times (x 91B)
Class com.google.common.base.Platform$JdkPatternCompiler                              : loaded 2 times (x 71B)
Class org.objectweb.asm.MethodTooLargeException                                       : loaded 2 times (x 79B)
Class [Lcom.google.common.cache.CacheBuilder$OneWeigher;                              : loaded 2 times (x 65B)
Class com.google.common.base.Suppliers                                                : loaded 2 times (x 67B)
Class com.intellij.util.containers.IntObjectHashMap$ArrayProducer                     : loaded 2 times (x 66B)
Class org.jetbrains.kotlin.idea.gradleTooling.model.noarg.NoArgModel                  : loaded 2 times (x 66B)
Class org.gradle.internal.classloader.DefaultClassLoaderFactory                       : loaded 2 times (x 78B)
Class com.google.common.base.CharMatcher$None                                         : loaded 2 times (x 108B)
Class kotlin.collections.AbstractList$Companion                                       : loaded 2 times (x 67B)
Class org.gradle.internal.classloader.ClassLoaderVisitor                              : loaded 2 times (x 72B)
Class [Lcom.google.common.collect.ImmutableMapEntry;                                  : loaded 2 times (x 65B)
Class org.jetbrains.plugins.gradle.tooling.serialization.internal.IdeaProjectSerializationService: loaded 2 times (x 73B)
Class org.gradle.api.internal.classpath.EffectiveClassPath                            : loaded 2 times (x 86B)
Class com.google.common.collect.ImmutableEnumMap                                      : loaded 2 times (x 121B)
Class com.google.common.collect.ListMultimap                                          : loaded 2 times (x 66B)
Class org.gradle.tooling.internal.gradle.DefaultProjectIdentifier                     : loaded 2 times (x 82B)
Class com.google.common.collect.Sets$1                                                : loaded 2 times (x 135B)
Class org.objectweb.asm.AnnotationVisitor                                             : loaded 2 times (x 74B)
Class com.google.common.base.Splitter                                                 : loaded 2 times (x 68B)
Class com.intellij.gradle.toolingExtension.impl.model.buildScriptClasspathModel.GradleBuildScriptClasspathSerializationService$ReadContext: loaded 2 times (x 68B)
Class org.gradle.internal.impldep.gnu.trove.TObjectIntHashMap                         : loaded 2 times (x 105B)
Class org.jetbrains.kotlin.idea.gradleTooling.model.allopen.AllOpenModel              : loaded 2 times (x 66B)
Class org.gradle.api.internal.DefaultClassPathProvider                                : loaded 2 times (x 72B)
Class com.google.common.collect.Sets$2                                                : loaded 2 times (x 135B)
Class [Lorg.gradle.api.internal.ClassPathProvider;                                    : loaded 2 times (x 65B)
Class org.gradle.api.internal.ClassPathProvider                                       : loaded 2 times (x 66B)
Class [Lorg.objectweb.asm.AnnotationVisitor;                                          : loaded 2 times (x 65B)
Class com.google.common.collect.Sets$3                                                : loaded 2 times (x 135B)
Class com.google.common.util.concurrent.AbstractFuture$SafeAtomicHelper               : loaded 2 times (x 75B)
Class com.google.common.cache.LocalCache$LocalLoadingCache                            : loaded 2 times (x 130B)
Class com.google.common.base.AbstractIterator$State                                   : loaded 2 times (x 75B)
Class org.gradle.internal.impldep.gnu.trove.TObjectHash$NULL                          : loaded 2 times (x 67B)
Class org.gradle.internal.service.UnknownServiceException                             : loaded 2 times (x 79B)
Class com.google.common.collect.Sets$4                                                : loaded 2 times (x 135B)
Class org.objectweb.asm.ModuleVisitor                                                 : loaded 2 times (x 77B)
Class com.google.common.cache.LocalCache$Strength$1                                   : loaded 2 times (x 77B)
Class org.jetbrains.kotlin.idea.gradleTooling.KotlinDslScriptAdditionalTask           : loaded 2 times (x 66B)
Class org.jetbrains.plugins.gradle.model.ClasspathEntryModel                          : loaded 2 times (x 66B)
Class com.google.common.util.concurrent.SettableFuture                                : loaded 2 times (x 110B)
Class com.google.common.cache.LocalCache$Strength$2                                   : loaded 2 times (x 77B)
Class org.jetbrains.plugins.gradle.tooling.serialization.GradleExtensionsSerializationService: loaded 2 times (x 73B)
Class org.gradle.tooling.model.Dependency                                             : loaded 2 times (x 66B)
Class com.google.common.cache.LocalCache$Strength$3                                   : loaded 2 times (x 77B)
Class com.google.common.collect.MapDifference                                         : loaded 2 times (x 66B)
Class com.google.common.base.Splitter$1                                               : loaded 2 times (x 73B)
Class com.intellij.openapi.externalSystem.model.project.dependencies.ResolutionState  : loaded 2 times (x 75B)
Class org.objectweb.asm.FieldWriter                                                   : loaded 2 times (x 74B)
Class com.google.common.cache.CacheBuilder$NullListener                               : loaded 2 times (x 78B)
Class org.gradle.internal.classpath.TransformedClassPath                              : loaded 2 times (x 92B)
Class org.gradle.internal.classloader.InstrumentingClassLoader                        : loaded 2 times (x 66B)
Class com.google.common.cache.CacheLoader$FunctionToCacheLoader                       : loaded 2 times (x 71B)
Class com.google.common.collect.Iterators$ArrayItr                                    : loaded 2 times (x 93B)
Class com.google.common.collect.ImmutableCollection$Builder                           : loaded 2 times (x 72B)
Class kotlin.enums.EnumEntriesList                                                    : loaded 2 times (x 219B)
Class com.google.common.base.Joiner                                                   : loaded 2 times (x 75B)
Class com.google.common.base.MoreObjects                                              : loaded 2 times (x 67B)
Class [Lorg.objectweb.asm.Type;                                                       : loaded 2 times (x 65B)
Class com.google.common.collect.Platform                                              : loaded 2 times (x 67B)
Class com.google.common.collect.UnmodifiableIterator                                  : loaded 2 times (x 76B)
Class org.jetbrains.kotlin.idea.gradleTooling.KotlinSourceSetContainer                : loaded 2 times (x 66B)
Class org.jetbrains.plugins.gradle.model.IntelliJSettings                             : loaded 2 times (x 66B)
Class org.gradle.internal.service.ServiceLocator                                      : loaded 2 times (x 66B)
Class com.google.common.base.Ascii                                                    : loaded 2 times (x 67B)
Class com.google.common.collect.SingletonImmutableBiMap                               : loaded 2 times (x 139B)
Class com.google.common.cache.LocalCache$1                                            : loaded 2 times (x 85B)
Class com.google.common.collect.AbstractMapEntry                                      : loaded 2 times (x 77B)
Class org.jetbrains.kotlin.android.synthetic.idea.AndroidExtensionsGradleModel        : loaded 2 times (x 66B)
Class com.intellij.gradle.toolingExtension.util.GradleVersionUtil                     : loaded 2 times (x 67B)
Class org.gradle.tooling.model.UnsupportedMethodException                             : loaded 2 times (x 78B)
Class com.google.common.collect.Sets$ImprovedAbstractSet                              : loaded 2 times (x 131B)
Class com.google.common.collect.ImmutableList$Builder                                 : loaded 2 times (x 73B)
Class com.google.common.cache.LocalCache$2                                            : loaded 2 times (x 138B)
Class com.google.common.collect.AbstractMultimap                                      : loaded 2 times (x 119B)
Class com.google.common.util.concurrent.AbstractFuture$UnsafeAtomicHelper$1           : loaded 2 times (x 72B)
Class com.google.common.collect.RegularImmutableAsList                                : loaded 2 times (x 212B)
Class org.jetbrains.plugins.gradle.tooling.serialization.AnnotationProcessingModelSerializationService$WriteContext: loaded 2 times (x 68B)
Class org.gradle.internal.impldep.gnu.trove.THash                                     : loaded 2 times (x 77B)
Class com.google.common.util.concurrent.AbstractFuture$Trusted                        : loaded 2 times (x 66B)
Class com.google.common.collect.Iterators                                             : loaded 2 times (x 67B)
Class com.google.common.base.CharMatcher$RangesMatcher                                : loaded 2 times (x 108B)
Class org.jetbrains.plugins.gradle.tooling.serialization.ProjectDependenciesSerializationService$WriteContext: loaded 2 times (x 68B)
Class org.jetbrains.plugins.gradle.tooling.serialization.ProjectDependenciesSerializationService: loaded 2 times (x 73B)
Class org.gradle.tooling.internal.adapter.CollectionMapper                            : loaded 2 times (x 69B)
Class com.google.common.util.concurrent.UncheckedExecutionException                   : loaded 2 times (x 78B)
Class com.google.common.collect.Lists$StringAsImmutableList                           : loaded 2 times (x 203B)
Class org.gradle.kotlin.dsl.VersionCatalogAccessorsKt                                 : loaded 2 times (x 67B)
Class org.gradle.internal.impldep.gnu.trove.Equality                                  : loaded 2 times (x 66B)
Class com.google.common.base.CharMatcher$JavaLetterOrDigit                            : loaded 2 times (x 107B)
Class com.intellij.gradle.toolingExtension.impl.model.buildScriptClasspathModel.GradleBuildScriptClasspathSerializationService$WriteContext: loaded 2 times (x 68B)
Class org.gradle.tooling.internal.adapter.ProtocolToModelAdapter                      : loaded 2 times (x 76B)
Class org.gradle.internal.InternalTransformer                                         : loaded 2 times (x 66B)
Class com.google.common.collect.AbstractMapBasedMultimap$KeySet$1                     : loaded 2 times (x 78B)
Class org.objectweb.asm.ClassWriter                                                   : loaded 2 times (x 102B)
Class com.google.common.cache.CacheLoader$UnsupportedLoadingOperationException        : loaded 2 times (x 78B)
Class com.google.common.base.CharMatcher$And                                          : loaded 2 times (x 108B)
Class org.gradle.internal.impldep.gnu.trove.TObjectCanonicalHashingStrategy           : loaded 2 times (x 76B)
Class org.gradle.internal.time.DefaultTimer                                           : loaded 2 times (x 76B)
Class org.gradle.internal.classloader.ClasspathUtil$1                                 : loaded 2 times (x 72B)
Class org.objectweb.asm.FieldVisitor                                                  : loaded 2 times (x 73B)
Class com.google.common.collect.IndexedImmutableSet                                   : loaded 2 times (x 146B)
Class com.google.common.collect.ImmutableMap$1                                        : loaded 2 times (x 77B)
Class com.google.common.collect.BiMap                                                 : loaded 2 times (x 66B)
Class org.gradle.api.internal.classpath.DefaultModuleRegistry$DefaultModule           : loaded 2 times (x 82B)
Class com.google.common.primitives.Ints                                               : loaded 2 times (x 67B)
Class com.google.common.collect.AbstractIterator                                      : loaded 2 times (x 78B)
Class org.jetbrains.kotlin.idea.gradleTooling.model.lombok.LombokModel                : loaded 2 times (x 66B)
Class com.google.common.math.MathPreconditions                                        : loaded 2 times (x 67B)
Class com.google.common.collect.Multiset                                              : loaded 2 times (x 66B)
Class com.google.common.collect.ArrayListMultimapGwtSerializationDependencies         : loaded 2 times (x 168B)
Class com.google.common.collect.ObjectArrays                                          : loaded 2 times (x 67B)
Class com.google.common.collect.AbstractIndexedListIterator                           : loaded 2 times (x 92B)
Class org.jetbrains.plugins.gradle.model.ExternalTask                                 : loaded 2 times (x 66B)
Class org.gradle.internal.time.DefaultCountdownTimer                                  : loaded 2 times (x 84B)
Class com.google.common.collect.ImmutableMapEntrySet                                  : loaded 2 times (x 147B)
Class org.jetbrains.plugins.gradle.tooling.util.ObjectCollector                       : loaded 2 times (x 68B)
Class org.jetbrains.plugins.gradle.model.GradleTaskModel                              : loaded 2 times (x 66B)
Class org.gradle.tooling.internal.gradle.DefaultBuildIdentifier                       : loaded 2 times (x 75B)
Class kotlin.Function                                                                 : loaded 2 times (x 66B)
Class org.gradle.api.internal.classpath.Module                                        : loaded 2 times (x 66B)
Class com.google.common.cache.Weigher                                                 : loaded 2 times (x 66B)
Class com.intellij.openapi.externalSystem.model.project.IExternalSystemSourceType     : loaded 2 times (x 66B)
Class org.gradle.api.internal.classpath.UnknownModuleException                        : loaded 2 times (x 78B)
Class com.google.common.base.Stopwatch                                                : loaded 2 times (x 68B)
Class com.google.common.cache.LocalCache$Strength                                     : loaded 2 times (x 77B)
Class com.google.common.cache.Cache                                                   : loaded 2 times (x 66B)
Class org.jetbrains.plugins.gradle.tooling.serialization.ProjectDependenciesSerializationService$ReadContext: loaded 2 times (x 68B)
Class org.gradle.internal.impldep.gnu.trove.TObjectIdentityHashingStrategy            : loaded 2 times (x 74B)
Class com.intellij.openapi.externalSystem.model.project.dependencies.ProjectDependencies: loaded 2 times (x 66B)
Class com.google.common.util.concurrent.AbstractFuture$Cancellation                   : loaded 2 times (x 68B)
Class com.google.common.collect.ImmutableMap$Builder                                  : loaded 2 times (x 78B)
Class com.google.common.base.NullnessCasts                                            : loaded 2 times (x 67B)
Class com.google.common.cache.RemovalListener                                         : loaded 2 times (x 66B)
Class org.jetbrains.plugins.gradle.tooling.serialization.RepositoriesModelSerializationService: loaded 2 times (x 78B)
Class org.gradle.tooling.internal.gradle.GradleProjectIdentity                        : loaded 2 times (x 66B)
Class org.gradle.api.internal.DefaultClassPathRegistry                                : loaded 2 times (x 72B)
Class com.google.common.primitives.IntsMethodsForWeb                                  : loaded 2 times (x 67B)
Class com.google.common.collect.Multimap                                              : loaded 2 times (x 66B)
Class org.jetbrains.plugins.gradle.tooling.serialization.RepositoriesModelSerializationService$ReadContext: loaded 2 times (x 68B)
Class org.gradle.api.internal.ClassPathRegistry                                       : loaded 2 times (x 66B)
Class org.gradle.internal.classpath.DefaultClassPath$ImmutableUniqueList              : loaded 2 times (x 195B)
Class org.jetbrains.plugins.gradle.tooling.serialization.internal.adapter.InternalBuildIdentifier: loaded 2 times (x 71B)
Class com.intellij.gradle.toolingExtension.impl.model.projectModel.GradleExternalProjectSerializationService$WriteContext: loaded 2 times (x 69B)
Class com.google.common.base.CharMatcher$IsEither                                     : loaded 2 times (x 107B)
Class com.google.common.cache.CacheBuilder                                            : loaded 2 times (x 68B)
Class com.google.common.collect.SingletonImmutableList                                : loaded 2 times (x 203B)
Class Settings_gradle$1                                                               : loaded 2 times (x 70B)
Class [Lcom.google.common.base.AbstractIterator$State;                                : loaded 2 times (x 65B)
Class org.gradle.internal.classpath.ClassPath                                         : loaded 2 times (x 66B)
Class com.google.common.collect.ImmutableList$ReverseImmutableList                    : loaded 2 times (x 204B)
Class com.google.common.base.JdkPattern                                               : loaded 2 times (x 71B)
Class org.jetbrains.plugins.gradle.tooling.serialization.KotlinDslScriptsModelSerializationService: loaded 2 times (x 77B)
Class org.objectweb.asm.SymbolTable$Entry                                             : loaded 2 times (x 70B)
Class com.google.common.util.concurrent.AbstractFuture$AtomicHelper                   : loaded 2 times (x 74B)
Class org.jetbrains.plugins.gradle.tooling.serialization.ExternalTestsSerializationService$WriteContext: loaded 2 times (x 68B)
Class org.jetbrains.kotlin.idea.gradleTooling.KotlinGradleModel                       : loaded 2 times (x 66B)
Class org.objectweb.asm.Edge                                                          : loaded 2 times (x 68B)
Class com.google.common.base.Suppliers$SupplierOfInstance                             : loaded 2 times (x 75B)
Class com.google.common.collect.Iterators$1                                           : loaded 2 times (x 77B)
Class org.gradle.tooling.model.Model                                                  : loaded 2 times (x 66B)
Class com.google.common.cache.LocalCache$ComputingValueReference                      : loaded 2 times (x 92B)
Class com.google.common.collect.SingletonImmutableSet                                 : loaded 2 times (x 142B)
Class com.google.common.collect.ImmutableMap$IteratorBasedImmutableMap                : loaded 2 times (x 121B)
Class kotlin.Metadata                                                                 : loaded 2 times (x 66B)
Class kotlin.UninitializedPropertyAccessException                                     : loaded 2 times (x 78B)
Class com.google.common.cache.LocalCache$Segment                                      : loaded 2 times (x 150B)
Class org.jetbrains.kotlin.idea.gradleTooling.model.annotation.AnnotationBasedPluginModel: loaded 2 times (x 66B)
Class org.jetbrains.plugins.gradle.model.IntelliJProjectSettings                      : loaded 2 times (x 66B)
Class org.gradle.tooling.internal.adapter.ProtocolToModelAdapter$MethodInvocationCache: loaded 2 times (x 69B)
Class org.gradle.internal.classloader.FilteringClassLoader                            : loaded 2 times (x 101B)
Class com.google.common.cache.CacheLoader                                             : loaded 2 times (x 70B)
Class com.google.common.collect.Iterators$4                                           : loaded 2 times (x 78B)
Class com.google.common.collect.ImmutableBiMap                                        : loaded 2 times (x 139B)
Class com.google.common.collect.AbstractListMultimap                                  : loaded 2 times (x 168B)
Class org.jetbrains.plugins.gradle.model.ExternalDependency                           : loaded 2 times (x 66B)
Class com.intellij.util.containers.IntObjectHashMap                                   : loaded 2 times (x 68B)
Class org.gradle.internal.installation.GradleInstallation$1                           : loaded 2 times (x 71B)
Class org.gradle.api.internal.classpath.ModuleRegistry                                : loaded 2 times (x 66B)
Class com.google.common.util.concurrent.internal.InternalFutureFailureAccess          : loaded 2 times (x 68B)
Class com.google.common.collect.Iterators$5                                           : loaded 2 times (x 78B)
Class com.google.common.collect.ImmutableSet$JdkBackedSetBuilderImpl                  : loaded 2 times (x 72B)
Class com.google.common.base.Splitter$SplittingIterator                               : loaded 2 times (x 80B)
Class com.intellij.gradle.toolingExtension.impl.model.sourceSetDependencyModel.GradleSourceSetDependencySerialisationService$SourceSetDependencyModelReadContext: loaded 2 times (x 68B)
Class com.intellij.gradle.toolingExtension.impl.model.dependencyModel.DependencyReadContext: loaded 2 times (x 68B)
Class org.jetbrains.plugins.gradle.model.VersionCatalogsModel                         : loaded 2 times (x 66B)
Class org.gradle.tooling.internal.adapter.ObjectGraphAdapter                          : loaded 2 times (x 66B)
Class com.google.common.util.concurrent.AbstractFuture$UnsafeAtomicHelper             : loaded 2 times (x 74B)
Class com.google.common.cache.LocalCache$LocalManualCache$1                           : loaded 2 times (x 71B)
Class com.google.common.base.CharMatcher$ForPredicate                                 : loaded 2 times (x 108B)
Class org.jetbrains.plugins.gradle.model.ExternalSourceSet                            : loaded 2 times (x 66B)
Class com.intellij.gradle.toolingExtension.impl.model.warmUp.GradleTaskWarmUpRequest  : loaded 2 times (x 66B)
Class com.google.common.collect.ImmutableCollection                                   : loaded 2 times (x 121B)
Class com.google.common.base.CharMatcher$AnyOf                                        : loaded 2 times (x 108B)
Class com.intellij.gradle.toolingExtension.impl.model.sourceSetArtifactIndex.GradleSourceSetArtifactBuildRequest: loaded 2 times (x 66B)
Class org.gradle.api.internal.classpath.DefaultModuleRegistry                         : loaded 2 times (x 82B)
Class com.google.common.util.concurrent.ListenableFuture                              : loaded 2 times (x 66B)
Class com.google.common.cache.ReferenceEntry                                          : loaded 2 times (x 66B)
Class com.google.common.collect.ImmutableSet$CachingAsList                            : loaded 2 times (x 143B)
Class com.google.common.base.Converter                                                : loaded 2 times (x 86B)
Class com.google.common.collect.Lists                                                 : loaded 2 times (x 67B)
Class com.google.common.base.CharMatcher$Any                                          : loaded 2 times (x 108B)
Class org.jetbrains.plugins.gradle.tooling.serialization.internal.IdeaProjectSerializationService$WriteContext$1: loaded 2 times (x 79B)
Class org.jetbrains.plugins.gradle.model.ExternalProject                              : loaded 2 times (x 66B)
Class com.google.common.util.concurrent.AbstractFuture                                : loaded 2 times (x 102B)
Class com.google.common.base.FunctionalEquivalence                                    : loaded 2 times (x 79B)
Class com.google.common.collect.Iterators$9                                           : loaded 2 times (x 77B)
Class com.google.common.collect.AbstractMapBasedMultimap                              : loaded 2 times (x 135B)
Class com.google.common.collect.ImmutableAsList                                       : loaded 2 times (x 205B)
Class org.jetbrains.plugins.gradle.tooling.serialization.internal.IdeaProjectSerializationService$WriteContext$2: loaded 2 times (x 79B)
Class org.objectweb.asm.RecordComponentVisitor                                        : loaded 2 times (x 73B)
Class com.google.common.cache.CacheLoader$SupplierToCacheLoader                       : loaded 2 times (x 71B)
Class org.jetbrains.plugins.gradle.tooling.serialization.AnnotationProcessingModelSerializationService$ReadContext: loaded 2 times (x 68B)
Class org.jetbrains.plugins.gradle.tooling.serialization.internal.IdeaProjectSerializationService$WriteContext$3: loaded 2 times (x 79B)
Class com.google.common.collect.Maps$EntryTransformer                                 : loaded 2 times (x 66B)
Class org.jetbrains.plugins.gradle.tooling.serialization.internal.IdeaProjectSerializationService$WriteContext$4: loaded 2 times (x 79B)
Class com.intellij.gradle.toolingExtension.impl.model.sourceSetDependencyModel.GradleSourceSetDependencySerialisationService$Companion: loaded 2 times (x 67B)
Class org.gradle.internal.time.MonotonicClock                                         : loaded 2 times (x 73B)
Class org.gradle.internal.service.ServiceLookupException                              : loaded 2 times (x 78B)
Class [Lcom.google.common.cache.LocalCache$EntryFactory;                              : loaded 2 times (x 65B)
Class com.google.common.base.CharMatcher$JavaLetter                                   : loaded 2 times (x 107B)
Class org.jetbrains.plugins.gradle.tooling.serialization.internal.IdeaProjectSerializationService$WriteContext$5: loaded 2 times (x 79B)
Class com.intellij.gradle.toolingExtension.impl.model.sourceSetDependencyModel.GradleSourceSetDependencySerialisationService$SourceSetDependencyModelWriteContext: loaded 2 times (x 68B)
Class org.gradle.internal.classloader.ClassLoaderFactory                              : loaded 2 times (x 66B)
Class com.google.common.cache.LocalCache$LocalManualCache                             : loaded 2 times (x 95B)
Class com.google.common.base.CharMatcher$IsNot                                        : loaded 2 times (x 107B)
Class com.google.common.base.CommonPattern                                            : loaded 2 times (x 70B)
Class org.jetbrains.plugins.gradle.tooling.serialization.internal.IdeaProjectSerializationService$WriteContext$6: loaded 2 times (x 79B)
Class org.jetbrains.plugins.gradle.tooling.util.IntObjectMap                          : loaded 2 times (x 69B)
Class org.gradle.internal.service.CachingServiceLocator                               : loaded 2 times (x 78B)
Class com.google.common.collect.AbstractMapBasedMultimap$KeySet                       : loaded 2 times (x 133B)
Class com.google.common.math.IntMath                                                  : loaded 2 times (x 67B)
Class org.jetbrains.plugins.gradle.tooling.serialization.internal.IdeaProjectSerializationService$WriteContext$7: loaded 2 times (x 79B)
Class org.jetbrains.plugins.gradle.model.RepositoryModels                             : loaded 2 times (x 66B)
Class com.google.common.collect.Iterators$10                                          : loaded 2 times (x 77B)
Class com.google.common.collect.ImmutableMapEntry                                     : loaded 2 times (x 81B)
Class com.google.common.base.CharMatcher$JavaDigit                                    : loaded 2 times (x 107B)
Class org.jetbrains.plugins.gradle.tooling.serialization.internal.IdeaProjectSerializationService$WriteContext$8: loaded 2 times (x 79B)
Class org.gradle.internal.time.TimeSource                                             : loaded 2 times (x 66B)
Class org.gradle.tooling.model.kotlin.dsl.KotlinDslScriptsModel                       : loaded 2 times (x 66B)
Class com.google.common.base.Equivalence                                              : loaded 2 times (x 78B)
Class com.google.common.collect.ImmutableMapEntry$NonTerminalImmutableMapEntry        : loaded 2 times (x 81B)
Class com.google.common.base.Function                                                 : loaded 2 times (x 66B)
Class org.jetbrains.plugins.gradle.tooling.serialization.SerializationService         : loaded 2 times (x 66B)
Class org.gradle.tooling.internal.gradle.GradleBuildIdentity                          : loaded 2 times (x 66B)
Class kotlin.enums.EnumEntries                                                        : loaded 2 times (x 66B)
Class com.google.common.cache.CacheBuilder$OneWeigher                                 : loaded 2 times (x 78B)
Class com.google.common.collect.RegularImmutableList                                  : loaded 2 times (x 208B)
Class org.jetbrains.plugins.gradle.tooling.serialization.internal.adapter.Supplier    : loaded 2 times (x 66B)
Class sync_studio_tooling10_c2uhrfi2pnjilfcxth0sgzaqg                                 : loaded 2 times (x 175B)
Class org.gradle.internal.exceptions.ResolutionProvider                               : loaded 2 times (x 66B)
Class com.google.common.collect.ImmutableBiMapFauxverideShim                          : loaded 2 times (x 116B)
Class org.gradle.tooling.model.ProjectIdentifier                                      : loaded 2 times (x 66B)
Class org.gradle.internal.classloader.ClasspathUtil                                   : loaded 2 times (x 67B)
Class com.google.common.base.Charsets                                                 : loaded 2 times (x 67B)
Class com.google.common.util.concurrent.Uninterruptibles                              : loaded 2 times (x 67B)
Class com.intellij.gradle.toolingExtension.impl.model.sourceSetModel.GradleSourceSetSerialisationService: loaded 2 times (x 73B)
Class com.google.common.collect.Maps                                                  : loaded 2 times (x 67B)
Class com.google.common.base.CharMatcher$JavaUpperCase                                : loaded 2 times (x 107B)
Class org.gradle.internal.time.TimeSource$1                                           : loaded 2 times (x 73B)
Class kotlin.jvm.internal.DefaultConstructorMarker                                    : loaded 2 times (x 67B)
Class org.gradle.api.specs.Spec                                                       : loaded 2 times (x 66B)
Class [Lcom.google.common.collect.ImmutableEntry;                                     : loaded 2 times (x 65B)
Class com.google.common.cache.LocalCache$LoadingValueReference                        : loaded 2 times (x 92B)
Class com.intellij.gradle.toolingExtension.impl.model.buildScriptClasspathModel.GradleBuildScriptClasspathSerializationService: loaded 2 times (x 73B)
Class kotlin.NotImplementedError                                                      : loaded 2 times (x 78B)
Class com.google.common.base.Platform                                                 : loaded 2 times (x 67B)
Class org.jetbrains.plugins.gradle.model.FileCollectionDependency                     : loaded 2 times (x 66B)
Class org.gradle.internal.impldep.gnu.trove.TObjectHashingStrategy                    : loaded 2 times (x 66B)
Class com.intellij.gradle.toolingExtension.impl.model.utilDummyModel.DummyModel       : loaded 2 times (x 66B)
Class org.gradle.internal.time.Clock                                                  : loaded 2 times (x 66B)
Class [Lorg.objectweb.asm.AnnotationWriter;                                           : loaded 2 times (x 65B)
Class com.google.common.primitives.Ints$IntConverter                                  : loaded 2 times (x 86B)
Class com.google.common.collect.Maps$8                                                : loaded 2 times (x 78B)
Class org.jetbrains.plugins.gradle.model.GradleSourceSetDependencyModel               : loaded 2 times (x 66B)
Class org.gradle.tooling.internal.adapter.TypeInspector                               : loaded 2 times (x 69B)
Class org.gradle.tooling.internal.adapter.ProtocolToModelAdapter$NoOpDecoration       : loaded 2 times (x 75B)
Class org.gradle.tooling.model.Element                                                : loaded 2 times (x 66B)
Class kotlin.collections.AbstractList                                                 : loaded 2 times (x 193B)
Class kotlin.collections.AbstractCollection                                           : loaded 2 times (x 113B)
Class com.google.common.collect.Sets$SetView                                          : loaded 2 times (x 134B)
Class com.google.common.cache.LocalCache$StrongValueReference                         : loaded 2 times (x 86B)
Class com.google.common.util.concurrent.AbstractFuture$SynchronizedHelper             : loaded 2 times (x 74B)
Class com.google.common.base.CharMatcher$Invisible                                    : loaded 2 times (x 108B)
Class com.intellij.gradle.toolingExtension.impl.model.taskModel.GradleTaskSerialisationService: loaded 2 times (x 72B)
Class org.objectweb.asm.Type                                                          : loaded 2 times (x 68B)
Class org.jetbrains.plugins.gradle.tooling.util.IntObjectMap$1                        : loaded 2 times (x 73B)
Class org.gradle.internal.impldep.com.google.common.base.Preconditions                : loaded 2 times (x 67B)
Class org.gradle.internal.classloader.VisitableURLClassLoader$InstrumentingVisitableURLClassLoader: loaded 2 times (x 119B)
Class org.objectweb.asm.ByteVector                                                    : loaded 2 times (x 75B)
Class [Lcom.google.common.cache.CacheBuilder$NullListener;                            : loaded 2 times (x 65B)
Class com.google.common.math.IntMath$1                                                : loaded 2 times (x 67B)
Class org.gradle.internal.classloader.VisitableURLClassLoader$Spec                    : loaded 2 times (x 70B)
Class org.gradle.internal.classpath.DefaultClassPath                                  : loaded 2 times (x 86B)
Class org.objectweb.asm.Symbol                                                        : loaded 2 times (x 69B)
Class com.google.common.base.AbstractIterator                                         : loaded 2 times (x 76B)
Class org.jetbrains.plugins.gradle.model.GradleBuildScriptClasspathModel              : loaded 2 times (x 66B)
Class org.gradle.util.internal.DefaultGradleVersion                                   : loaded 2 times (x 80B)
Class com.google.common.collect.RegularImmutableMap$Values                            : loaded 2 times (x 203B)
Class com.google.common.collect.ImmutableSet                                          : loaded 2 times (x 141B)
Class com.google.common.base.CharMatcher$BitSetMatcher                                : loaded 2 times (x 108B)
Class com.google.common.base.CharMatcher$Ascii                                        : loaded 2 times (x 108B)
Class org.gradle.internal.classloader.ClassLoaderSpec                                 : loaded 2 times (x 67B)
Class org.objectweb.asm.AnnotationWriter                                              : loaded 2 times (x 75B)
Class com.google.common.cache.CacheStats                                              : loaded 2 times (x 67B)
Class org.objectweb.asm.RecordComponentWriter                                         : loaded 2 times (x 74B)
Class com.google.common.util.concurrent.AbstractFuture$Listener                       : loaded 2 times (x 68B)
Class com.google.common.base.CharMatcher$Or                                           : loaded 2 times (x 108B)
Class Settings_gradle$1$1                                                             : loaded 2 times (x 70B)
Class kotlin.Unit                                                                     : loaded 2 times (x 67B)
Class org.objectweb.asm.Attribute                                                     : loaded 2 times (x 73B)
Class com.google.common.base.Supplier                                                 : loaded 2 times (x 66B)
Class org.gradle.internal.classloader.VisitableURLClassLoader                         : loaded 2 times (x 113B)
Class com.google.common.util.concurrent.AbstractFuture$Waiter                         : loaded 2 times (x 68B)
Class Settings_gradle                                                                 : loaded 2 times (x 124B)
Class org.jetbrains.plugins.gradle.tooling.serialization.ExternalTestsSerializationService$ReadContext: loaded 2 times (x 68B)
Class org.jetbrains.plugins.gradle.tooling.serialization.internal.IdeaProjectSerializationService$ReadContext: loaded 2 times (x 68B)
Class com.google.common.collect.RegularImmutableMap$KeySet                            : loaded 2 times (x 146B)
Class org.gradle.tooling.model.idea.IdeaDependency                                    : loaded 2 times (x 66B)
Class com.google.common.base.Strings                                                  : loaded 2 times (x 67B)
Class com.google.common.collect.Sets                                                  : loaded 2 times (x 67B)
Class org.objectweb.asm.Handler                                                       : loaded 2 times (x 68B)
Class com.google.common.base.Ticker                                                   : loaded 2 times (x 68B)
Class com.google.common.base.CharMatcher$FastMatcher                                  : loaded 2 times (x 107B)
Class kotlin.jvm.functions.Function1                                                  : loaded 2 times (x 66B)
Class [Lcom.google.common.cache.LocalCache$Segment;                                   : loaded 2 times (x 65B)
Class [Lcom.google.common.cache.LocalCache$Strength;                                  : loaded 2 times (x 65B)
Class com.google.common.cache.CacheBuilder$1                                          : loaded 2 times (x 81B)
Class com.google.common.collect.ImmutableMap                                          : loaded 2 times (x 116B)
Class com.google.common.base.Predicate                                                : loaded 2 times (x 66B)
Class org.jetbrains.plugins.gradle.tooling.serialization.internal.IdeaProjectSerializationService$WriteContext: loaded 2 times (x 68B)
Class com.intellij.gradle.toolingExtension.impl.model.sourceSetDependencyModel.GradleSourceSetDependencySerialisationService: loaded 2 times (x 73B)
Class org.jetbrains.plugins.gradle.model.GradleSourceSetModel                         : loaded 2 times (x 66B)
Class org.gradle.internal.classpath.DefaultClassPath$ImmutableUniqueList$Builder      : loaded 2 times (x 71B)
Class com.google.common.cache.LocalCache                                              : loaded 2 times (x 183B)
Class com.google.common.cache.CacheBuilder$2                                          : loaded 2 times (x 68B)
Class com.google.common.base.CharMatcher$NegatedFastMatcher                           : loaded 2 times (x 109B)
Class [Lcom.google.common.collect.AbstractMapEntry;                                   : loaded 2 times (x 65B)
Class com.google.common.collect.ImmutableEntry                                        : loaded 2 times (x 78B)
Class com.google.common.collect.ArrayListMultimap                                     : loaded 2 times (x 168B)
Class com.google.common.base.AbstractIterator$1                                       : loaded 2 times (x 67B)
Class com.google.common.base.CharMatcher$Digit                                        : loaded 2 times (x 108B)
Class org.jetbrains.plugins.gradle.tooling.util.ObjectCollector$Processor             : loaded 2 times (x 66B)
Class org.jetbrains.kotlin.idea.gradleTooling.model.samWithReceiver.SamWithReceiverModel: loaded 2 times (x 66B)
Class kotlin.annotation.Target                                                        : loaded 2 times (x 66B)
Class com.google.common.base.Equivalence$Identity                                     : loaded 2 times (x 78B)
Class org.gradle.internal.exceptions.NonGradleCauseExceptionsHolder                   : loaded 2 times (x 66B)
Class org.gradle.tooling.model.idea.IdeaModuleDependency                              : loaded 2 times (x 66B)
Class org.gradle.tooling.internal.adapter.ViewBuilder                                 : loaded 2 times (x 66B)
Class com.google.common.collect.CollectPreconditions                                  : loaded 2 times (x 67B)
Class com.google.common.base.CharMatcher$JavaIsoControl                               : loaded 2 times (x 108B)
Class org.jetbrains.plugins.gradle.model.AnnotationProcessingConfig                   : loaded 2 times (x 66B)
Class kotlin.annotation.Retention                                                     : loaded 2 times (x 66B)
Class com.google.common.collect.SortedMapDifference                                   : loaded 2 times (x 66B)
Class com.google.common.base.CharMatcher$JavaLowerCase                                : loaded 2 times (x 107B)
Class org.jetbrains.plugins.gradle.tooling.ModelBuilderService$Parameter              : loaded 2 times (x 66B)
Class com.google.common.cache.LocalCache$EntryFactory                                 : loaded 2 times (x 79B)
Class org.gradle.internal.impldep.gnu.trove.TObjectIntProcedure                       : loaded 2 times (x 66B)
Class org.gradle.tooling.internal.adapter.ProtocolToModelAdapter$ReflectionMethodInvoker: loaded 2 times (x 72B)
Class com.google.common.cache.LocalCache$AbstractReferenceEntry                       : loaded 2 times (x 103B)
Class com.google.common.base.Splitter$1$1                                             : loaded 2 times (x 82B)
Class com.google.common.base.CharMatcher$Whitespace                                   : loaded 2 times (x 108B)
Class org.jetbrains.kotlin.idea.gradleTooling.model.assignment.AssignmentModel        : loaded 2 times (x 66B)
Class [Lorg.objectweb.asm.SymbolTable$Entry;                                          : loaded 2 times (x 65B)
Class kotlin.enums.EnumEntriesKt                                                      : loaded 2 times (x 67B)
Class org.objectweb.asm.SymbolTable                                                   : loaded 2 times (x 68B)
Class com.google.common.cache.CacheLoader$InvalidCacheLoadException                   : loaded 2 times (x 78B)
Class com.google.common.collect.ImmutableSet$RegularSetBuilderImpl                    : loaded 2 times (x 73B)
Class com.google.common.base.CharMatcher$SingleWidth                                  : loaded 2 times (x 108B)
Class org.jetbrains.plugins.gradle.model.GradleProperty                               : loaded 2 times (x 66B)
Class org.gradle.internal.classloader.SystemClassLoaderSpec                           : loaded 2 times (x 67B)
Class com.google.common.cache.LocalCache$StrongEntry                                  : loaded 2 times (x 104B)
Class com.google.common.util.concurrent.AbstractFuture$TrustedFuture                  : loaded 2 times (x 110B)
Class com.google.common.cache.LoadingCache                                            : loaded 2 times (x 66B)
Class org.gradle.internal.exceptions.MultiCauseException                              : loaded 2 times (x 66B)
Class org.gradle.internal.time.CountdownTimer                                         : loaded 2 times (x 66B)
Class kotlin.jvm.internal.Intrinsics                                                  : loaded 2 times (x 67B)
Class org.objectweb.asm.MethodWriter                                                  : loaded 2 times (x 102B)
Class [Lcom.google.common.cache.Weigher;                                              : loaded 2 times (x 65B)
Class com.google.common.collect.RegularImmutableMap$BucketOverflowException           : loaded 2 times (x 78B)
Class com.intellij.gradle.toolingExtension.impl.model.projectModel.GradleExternalProjectSerializationService$ReadContext: loaded 2 times (x 69B)
Class com.intellij.gradle.toolingExtension.impl.model.dependencyModel.DependencyWriteContext: loaded 2 times (x 68B)
Class org.jetbrains.kotlin.idea.gradleTooling.model.parcelize.ParcelizeGradleModel    : loaded 2 times (x 66B)
Class org.gradle.tooling.model.ProjectModel                                           : loaded 2 times (x 66B)
Class org.jetbrains.plugins.gradle.model.GradleConfiguration                          : loaded 2 times (x 66B)
Class kotlin.KotlinNullPointerException                                               : loaded 2 times (x 79B)
Class com.google.common.collect.RegularImmutableBiMap                                 : loaded 2 times (x 144B)
Class com.google.common.cache.LocalCache$ValueReference                               : loaded 2 times (x 66B)
Class com.google.common.base.CharMatcher$Negated                                      : loaded 2 times (x 109B)
Class com.google.common.base.CharMatcher$Is                                           : loaded 2 times (x 107B)
Class org.jetbrains.plugins.gradle.model.tests.ExternalTestsModel                     : loaded 2 times (x 66B)
Class org.gradle.internal.exceptions.DefaultMultiCauseException                       : loaded 2 times (x 91B)
Class com.google.common.base.PatternCompiler                                          : loaded 2 times (x 66B)
Class com.google.common.util.concurrent.AbstractFuture$Failure                        : loaded 2 times (x 68B)
Class com.google.common.base.Equivalence$Equals                                       : loaded 2 times (x 78B)
Class com.google.common.collect.Hashing                                               : loaded 2 times (x 67B)
Class com.google.common.base.Preconditions                                            : loaded 2 times (x 67B)
Class com.intellij.gradle.toolingExtension.impl.model.projectModel.GradleExternalProjectSerializationService: loaded 2 times (x 73B)
Class org.gradle.tooling.model.HierarchicalElement                                    : loaded 2 times (x 66B)
Class com.google.common.base.Joiner$1                                                 : loaded 2 times (x 76B)
Class org.objectweb.asm.Label                                                         : loaded 2 times (x 69B)
Class org.objectweb.asm.CurrentFrame                                                  : loaded 2 times (x 69B)
Class org.objectweb.asm.ClassTooLargeException                                        : loaded 2 times (x 79B)
Class com.google.common.collect.PeekingIterator                                       : loaded 2 times (x 66B)
Class com.google.common.base.CharMatcher                                              : loaded 2 times (x 107B)
Class org.jetbrains.plugins.gradle.tooling.serialization.ExternalTestsSerializationService: loaded 2 times (x 73B)
Class org.gradle.internal.time.Time                                                   : loaded 2 times (x 67B)
Class com.google.common.base.Joiner$2                                                 : loaded 2 times (x 75B)
Class org.objectweb.asm.Frame                                                         : loaded 2 times (x 69B)
Class org.objectweb.asm.MethodVisitor                                                 : loaded 2 times (x 101B)
Class com.google.common.cache.LocalCache$EntryFactory$1                               : loaded 2 times (x 79B)
Class [Lcom.google.common.cache.RemovalListener;                                      : loaded 2 times (x 65B)
Class com.google.common.base.CharMatcher$1                                            : loaded 2 times (x 109B)
Class com.google.common.base.CharMatcher$NamedFastMatcher                             : loaded 2 times (x 108B)
Class org.jetbrains.plugins.gradle.tooling.serialization.AnnotationProcessingModelSerializationService: loaded 2 times (x 73B)
Class com.google.common.cache.LocalCache$EntryFactory$2                               : loaded 2 times (x 79B)
Class [Lcom.intellij.openapi.externalSystem.model.project.dependencies.ResolutionState;: loaded 2 times (x 65B)
Class org.gradle.internal.impldep.gnu.trove.TObjectHash                               : loaded 2 times (x 90B)
Class org.jetbrains.plugins.gradle.model.DependencyAccessorsModel                     : loaded 2 times (x 66B)
Class org.gradle.api.internal.classpath.GlobalCacheRootsProvider                      : loaded 2 times (x 66B)
Class org.objectweb.asm.ModuleWriter                                                  : loaded 2 times (x 78B)
Class com.google.common.cache.LocalCache$EntryFactory$3                               : loaded 2 times (x 79B)
Class com.google.common.base.Ticker$1                                                 : loaded 2 times (x 68B)
Class com.google.common.collect.ImmutableMapEntrySet$RegularEntrySet                  : loaded 2 times (x 147B)
Class com.google.common.collect.Maps$BiMapConverter                                   : loaded 2 times (x 86B)
Class org.jetbrains.kotlin.idea.gradleTooling.KotlinMPPGradleModel                    : loaded 2 times (x 66B)
Class com.intellij.gradle.toolingExtension.impl.model.dependencyDownloadPolicyModel.GradleDependencyDownloadPolicy: loaded 2 times (x 66B)
Class org.gradle.tooling.model.BuildIdentifier                                        : loaded 2 times (x 66B)
Class com.google.common.cache.LocalCache$EntryFactory$4                               : loaded 2 times (x 79B)
Class com.google.common.collect.ImmutableSet$Builder                                  : loaded 2 times (x 81B)
Class com.google.common.base.CharMatcher$InRange                                      : loaded 2 times (x 107B)
Class org.jetbrains.kotlin.idea.gradleTooling.PrepareKotlinIdeImportTaskModel         : loaded 2 times (x 66B)
Class com.google.common.cache.LocalCache$EntryFactory$5                               : loaded 2 times (x 79B)
Class com.android.ide.gradle.model.GradlePluginModel                                  : loaded 2 times (x 66B)
Class org.gradle.tooling.model.build.JavaEnvironment                                  : loaded 2 times (x 66B)
Class com.google.common.base.PairwiseEquivalence                                      : loaded 2 times (x 79B)
Class com.google.common.cache.LocalCache$EntryFactory$6                               : loaded 2 times (x 79B)
Class org.jetbrains.plugins.gradle.model.GradleExtension                              : loaded 2 times (x 66B)
Class org.gradle.internal.time.Timer                                                  : loaded 2 times (x 66B)
Class kotlin.jvm.internal.markers.KMappedMarker                                       : loaded 2 times (x 66B)
Class org.gradle.internal.installation.CurrentGradleInstallationLocator               : loaded 2 times (x 67B)
Class com.google.common.collect.Maps$KeySet                                           : loaded 2 times (x 133B)
Class com.google.common.cache.LocalCache$EntryFactory$7                               : loaded 2 times (x 79B)
Class com.google.common.collect.ImmutableSet$EmptySetBuilderImpl                      : loaded 2 times (x 72B)
Class com.google.common.collect.ImmutableList                                         : loaded 2 times (x 202B)
Class org.gradle.tooling.model.idea.IdeaProject                                       : loaded 2 times (x 66B)
Class org.gradle.tooling.model.DomainObjectSet                                        : loaded 2 times (x 66B)
Class org.gradle.internal.service.DefaultServiceLocator                               : loaded 2 times (x 79B)
Class com.google.common.cache.LocalCache$EntryFactory$8                               : loaded 2 times (x 79B)
Class com.google.common.collect.ImmutableSet$SetBuilderImpl                           : loaded 2 times (x 72B)
Class org.gradle.util.GradleVersion                                                   : loaded 2 times (x 79B)
Class org.gradle.internal.installation.CurrentGradleInstallation                      : loaded 2 times (x 69B)
Class com.google.common.cache.CacheLoader$1                                           : loaded 2 times (x 71B)
Class com.google.common.collect.ImmutableList$SubList                                 : loaded 2 times (x 204B)
Class org.jetbrains.plugins.gradle.tooling.serialization.GradleExtensionsSerializationService$WriteContext: loaded 2 times (x 68B)
Class com.intellij.gradle.toolingExtension.impl.model.taskModel.GradleTaskSerialisationService$Companion: loaded 2 times (x 67B)
Class org.jetbrains.plugins.gradle.javaModel.JavaGradleManifestModel                  : loaded 2 times (x 66B)
Class org.gradle.util.internal.GUtil                                                  : loaded 2 times (x 67B)
Class com.google.common.util.concurrent.AbstractFuture$SetFuture                      : loaded 2 times (x 71B)
Class com.google.common.cache.AbstractCache$StatsCounter                              : loaded 2 times (x 66B)
Class com.intellij.gradle.toolingExtension.impl.model.sourceSetModel.GradleSourceSetSerialisationService$SourceSetModelReadContext: loaded 2 times (x 68B)
Class com.intellij.gradle.toolingExtension.impl.model.utilTurnOffDefaultTasksModel.TurnOffDefaultTasks: loaded 2 times (x 66B)
Class com.google.common.collect.Iterators$MergingIterator                             : loaded 2 times (x 77B)
Class com.google.common.collect.RegularImmutableSet                                   : loaded 2 times (x 144B)
Class com.intellij.gradle.toolingExtension.impl.model.sourceSetModel.GradleSourceSetSerialisationService$SourceSetModelWriteContext: loaded 2 times (x 68B)
Class org.gradle.tooling.internal.adapter.ProtocolToModelAdapter$1                    : loaded 2 times (x 71B)
Class org.gradle.tooling.internal.adapter.ProtocolToModelAdapter$ViewDecoration       : loaded 2 times (x 66B)
Class org.gradle.internal.installation.GradleInstallation                             : loaded 2 times (x 71B)
Class com.google.common.collect.Iterables                                             : loaded 2 times (x 67B)
Class com.google.common.base.Splitter$Strategy                                        : loaded 2 times (x 66B)
Class org.jetbrains.plugins.gradle.tooling.serialization.GradleExtensionsSerializationService$ReadContext: loaded 2 times (x 68B)
Class org.gradle.tooling.internal.adapter.MethodInvoker                               : loaded 2 times (x 66B)
Class org.jetbrains.plugins.gradle.tooling.serialization.RepositoriesModelSerializationService$WriteContext: loaded 2 times (x 68B)

---------------  S Y S T E M  ---------------

OS:
 Windows 10 , 64 bit Build 19041 (10.0.19041.2364)
OS uptime: 1 days 19:15 hours

CPU: total 12 (initial active 12) (6 cores per cpu, 2 threads per core) family 6 model 154 stepping 3 microcode 0x432, cx8, cmov, fxsr, ht, mmx, 3dnowpref, sse, sse2, sse3, ssse3, sse4.1, sse4.2, popcnt, lzcnt, tsc, tscinvbit, avx, avx2, aes, erms, clmul, bmi1, bmi2, adx, sha, fma, vzeroupper, clflush, clflushopt, clwb, serialize, rdtscp, rdpid, fsrm, f16c, pku, cet_ibt, cet_ss
Processor Information for processor 0
  Max Mhz: 2000, Current Mhz: 2000, Mhz Limit: 2000
Processor Information for processor 1
  Max Mhz: 2000, Current Mhz: 2000, Mhz Limit: 2000
Processor Information for processor 2
  Max Mhz: 2000, Current Mhz: 2000, Mhz Limit: 2000
Processor Information for processor 3
  Max Mhz: 2000, Current Mhz: 2000, Mhz Limit: 2000
Processor Information for processor 4
  Max Mhz: 2000, Current Mhz: 2000, Mhz Limit: 2000
Processor Information for processor 5
  Max Mhz: 2000, Current Mhz: 2000, Mhz Limit: 2000
Processor Information for processor 6
  Max Mhz: 2000, Current Mhz: 2000, Mhz Limit: 2000
Processor Information for processor 7
  Max Mhz: 2000, Current Mhz: 2000, Mhz Limit: 2000
Processor Information for processor 8
  Max Mhz: 2000, Current Mhz: 1500, Mhz Limit: 1500
Processor Information for processor 9
  Max Mhz: 2000, Current Mhz: 1500, Mhz Limit: 1500
Processor Information for processor 10
  Max Mhz: 2000, Current Mhz: 1500, Mhz Limit: 1500
Processor Information for processor 11
  Max Mhz: 2000, Current Mhz: 1500, Mhz Limit: 1500

Memory: 4k page, system-wide physical 7860M (418M free)
TotalPageFile size 19297M (AvailPageFile size 0M)
current process WorkingSet (physical memory assigned to process): 388M, peak: 411M
current process commit charge ("private bytes"): 538M, peak: 541M

vm_info: OpenJDK 64-Bit Server VM (21.0.5+-13047016-b750.29) for windows-amd64 JRE (21.0.5+-13047016-b750.29), built on 2025-02-11T21:12:39Z by "builder" with MS VC++ 16.10 / 16.11 (VS2019)

END.
